timestamp,user,filename,to_removable_media
2026-08-01 15:10:00,USER_001,doc_858.pdf,0
2026-08-01 14:03:00,USER_001,doc_189.pdf,0
2026-08-01 14:26:00,USER_001,doc_532.pdf,0
2026-08-01 09:40:00,USER_001,doc_130.pdf,0
2026-08-01 10:11:00,USER_001,doc_323.pdf,0
2026-08-01 11:23:00,USER_001,doc_617.pdf,0
2026-08-01 14:32:00,USER_001,doc_127.pdf,0
2026-08-01 14:11:00,USER_001,doc_303.pdf,0
2026-08-01 09:56:00,USER_005,doc_320.pdf,0
2026-08-01 15:07:00,USER_005,doc_444.pdf,0
2026-08-01 09:29:00,USER_005,doc_194.pdf,0
2026-08-01 11:51:00,USER_005,doc_199.pdf,0
2026-08-01 11:40:00,USER_005,doc_967.pdf,0
2026-08-01 11:33:00,USER_005,doc_718.pdf,0
2026-08-01 10:52:00,USER_005,doc_926.pdf,0
2026-08-01 08:59:00,USER_005,doc_847.pdf,0
2026-08-01 12:32:00,USER_005,doc_649.pdf,0
2026-08-01 09:40:00,USER_005,doc_487.pdf,0
2026-08-01 09:17:00,USER_005,doc_665.pdf,0
2026-08-01 11:07:00,USER_005,doc_949.pdf,0
2026-08-01 13:58:00,USER_005,doc_733.pdf,0
2026-08-01 09:06:00,USER_008,doc_489.pdf,0
2026-08-01 10:37:00,USER_008,doc_564.pdf,0
2026-08-01 13:40:00,USER_008,doc_954.pdf,0
2026-08-01 11:21:00,USER_008,doc_266.pdf,0
2026-08-01 11:24:00,USER_008,doc_463.pdf,0
2026-08-01 10:02:00,USER_008,doc_786.pdf,0
2026-08-01 10:31:00,USER_008,doc_818.pdf,0
2026-08-01 14:04:00,USER_008,doc_763.pdf,0
2026-08-01 08:51:00,USER_008,doc_723.pdf,0
2026-08-01 13:40:00,USER_008,doc_275.pdf,0
2026-08-01 12:48:00,USER_008,doc_846.pdf,0
2026-08-01 10:20:00,USER_008,doc_267.pdf,0
2026-08-01 14:17:00,USER_016,doc_997.pdf,0
2026-08-01 15:34:00,USER_016,doc_422.pdf,0
2026-08-01 11:15:00,USER_016,doc_771.pdf,0
2026-08-01 13:42:00,USER_016,doc_505.pdf,0
2026-08-01 14:56:00,USER_016,doc_569.pdf,0
2026-08-01 10:40:00,USER_016,doc_371.pdf,0
2026-08-01 10:38:00,USER_016,doc_352.pdf,0
2026-08-01 15:48:00,USER_016,doc_674.pdf,0
2026-08-01 14:02:00,USER_016,doc_369.pdf,0
2026-08-01 15:49:00,USER_016,doc_698.pdf,0
2026-08-01 13:06:00,USER_016,doc_697.pdf,0
2026-08-02 14:45:00,USER_020,doc_208.pdf,0
2026-08-02 15:46:00,USER_020,doc_405.pdf,0
2026-08-02 15:53:00,USER_020,doc_619.pdf,0
2026-08-02 15:37:00,USER_020,doc_303.pdf,0
2026-08-02 11:44:00,USER_020,doc_482.pdf,0
2026-08-02 16:56:00,USER_020,doc_265.pdf,0
2026-08-02 15:02:00,USER_020,doc_897.pdf,0
2026-08-02 14:57:00,USER_020,doc_100.pdf,0
2026-08-02 15:32:00,USER_020,doc_431.pdf,0
2026-08-02 14:36:00,USER_020,doc_119.pdf,0
2026-08-03 09:08:00,USER_001,doc_849.pdf,0
2026-08-03 12:33:00,USER_001,doc_935.pdf,0
2026-08-03 09:00:00,USER_001,doc_878.pdf,0
2026-08-03 12:57:00,USER_001,doc_884.pdf,0
2026-08-03 09:29:00,USER_001,doc_231.pdf,0
2026-08-03 14:02:00,USER_001,doc_586.pdf,0
2026-08-03 13:06:00,USER_001,doc_269.pdf,0
2026-08-03 15:03:00,USER_002,doc_419.pdf,0
2026-08-03 12:22:00,USER_002,doc_787.pdf,0
2026-08-03 14:30:00,USER_002,doc_482.pdf,0
2026-08-03 12:42:00,USER_002,doc_629.pdf,0
2026-08-03 12:49:00,USER_002,doc_223.pdf,0
2026-08-03 11:04:00,USER_002,doc_330.pdf,0
2026-08-03 09:30:00,USER_002,doc_446.pdf,0
2026-08-03 09:08:00,USER_002,doc_702.pdf,0
2026-08-03 13:41:00,USER_002,doc_335.pdf,0
2026-08-03 13:59:00,USER_002,doc_325.pdf,0
2026-08-03 09:01:00,USER_002,doc_172.pdf,0
2026-08-03 09:43:00,USER_003,doc_626.pdf,0
2026-08-03 11:08:00,USER_003,doc_385.pdf,0
2026-08-03 14:49:00,USER_003,doc_597.pdf,0
2026-08-03 10:56:00,USER_003,doc_652.pdf,0
2026-08-03 10:14:00,USER_003,doc_840.pdf,0
2026-08-03 13:59:00,USER_003,doc_690.pdf,0
2026-08-03 13:09:00,USER_003,doc_348.pdf,0
2026-08-03 13:09:00,USER_003,doc_926.pdf,0
2026-08-03 12:35:00,USER_003,doc_294.pdf,0
2026-08-03 09:55:00,USER_003,doc_199.pdf,0
2026-08-03 14:44:00,USER_003,doc_541.pdf,0
2026-08-03 12:08:00,USER_003,doc_533.pdf,0
2026-08-03 12:37:00,USER_003,doc_578.pdf,0
2026-08-03 15:20:00,USER_003,doc_155.pdf,0
2026-08-03 14:51:00,USER_003,doc_769.pdf,0
2026-08-03 11:03:00,USER_004,doc_296.pdf,0
2026-08-03 10:33:00,USER_004,doc_649.pdf,0
2026-08-03 12:45:00,USER_004,doc_243.pdf,0
2026-08-03 12:32:00,USER_004,doc_287.pdf,0
2026-08-03 11:18:00,USER_004,doc_573.pdf,0
2026-08-03 11:03:00,USER_004,doc_995.pdf,0
2026-08-03 09:34:00,USER_004,doc_553.pdf,0
2026-08-03 13:37:00,USER_004,doc_200.pdf,0
2026-08-03 12:26:00,USER_005,doc_318.pdf,0
2026-08-03 11:45:00,USER_005,doc_160.pdf,0
2026-08-03 09:44:00,USER_005,doc_488.pdf,0
2026-08-03 08:21:00,USER_005,doc_499.pdf,0
2026-08-03 10:35:00,USER_005,doc_902.pdf,0
2026-08-03 12:12:00,USER_005,doc_392.pdf,0
2026-08-03 11:56:00,USER_005,doc_813.pdf,0
2026-08-03 14:34:00,USER_005,doc_902.pdf,0
2026-08-03 13:04:00,USER_005,doc_777.pdf,0
2026-08-03 14:27:00,USER_005,doc_598.pdf,0
2026-08-03 09:39:00,USER_005,doc_294.pdf,0
2026-08-03 10:51:00,USER_005,doc_322.pdf,0
2026-08-03 08:49:00,USER_005,doc_693.pdf,0
2026-08-03 14:36:00,USER_005,doc_655.pdf,0
2026-08-03 08:51:00,USER_005,doc_865.pdf,0
2026-08-03 11:00:00,USER_005,doc_158.pdf,0
2026-08-03 08:45:00,USER_005,doc_698.pdf,0
2026-08-03 12:24:00,USER_005,doc_614.pdf,0
2026-08-03 12:51:00,USER_005,doc_261.pdf,0
2026-08-03 08:49:00,USER_005,doc_620.pdf,0
2026-08-03 14:19:00,USER_006,doc_222.pdf,0
2026-08-03 15:44:00,USER_006,doc_352.pdf,0
2026-08-03 15:49:00,USER_006,doc_708.pdf,0
2026-08-03 11:13:00,USER_006,doc_734.pdf,0
2026-08-03 11:34:00,USER_006,doc_529.pdf,0
2026-08-03 16:29:00,USER_006,doc_697.pdf,0
2026-08-03 15:42:00,USER_006,doc_635.pdf,0
2026-08-03 13:34:00,USER_006,doc_367.pdf,0
2026-08-03 12:37:00,USER_006,doc_785.pdf,0
2026-08-03 16:59:00,USER_006,doc_421.pdf,0
2026-08-03 12:55:00,USER_006,doc_371.pdf,0
2026-08-03 14:15:00,USER_006,doc_234.pdf,0
2026-08-03 10:13:00,USER_007,doc_569.pdf,0
2026-08-03 15:27:00,USER_007,doc_676.pdf,0
2026-08-03 11:00:00,USER_007,doc_175.pdf,0
2026-08-03 14:44:00,USER_007,doc_318.pdf,0
2026-08-03 14:28:00,USER_007,doc_371.pdf,0
2026-08-03 11:16:00,USER_007,doc_457.pdf,0
2026-08-03 10:44:00,USER_007,doc_350.pdf,0
2026-08-03 15:36:00,USER_008,doc_936.pdf,0
2026-08-03 14:38:00,USER_008,doc_406.pdf,0
2026-08-03 15:34:00,USER_008,doc_206.pdf,0
2026-08-03 11:03:00,USER_008,doc_370.pdf,0
2026-08-03 10:54:00,USER_008,doc_209.pdf,0
2026-08-03 11:32:00,USER_009,doc_803.pdf,0
2026-08-03 15:12:00,USER_009,doc_973.pdf,0
2026-08-03 12:03:00,USER_009,doc_617.pdf,0
2026-08-03 13:58:00,USER_009,doc_357.pdf,0
2026-08-03 10:14:00,USER_009,doc_194.pdf,0
2026-08-03 15:12:00,USER_009,doc_533.pdf,0
2026-08-03 12:09:00,USER_009,doc_145.pdf,0
2026-08-03 09:49:00,USER_009,doc_441.pdf,0
2026-08-03 10:54:00,USER_009,doc_752.pdf,0
2026-08-03 12:02:00,USER_009,doc_265.pdf,0
2026-08-03 16:07:00,USER_009,doc_552.pdf,0
2026-08-03 14:30:00,USER_009,doc_822.pdf,0
2026-08-03 13:26:00,USER_009,doc_674.pdf,0
2026-08-03 09:52:00,USER_009,doc_214.pdf,0
2026-08-03 10:26:00,USER_009,doc_807.pdf,0
2026-08-03 10:50:00,USER_010,doc_142.pdf,0
2026-08-03 12:22:00,USER_010,doc_473.pdf,0
2026-08-03 10:05:00,USER_010,doc_466.pdf,0
2026-08-03 11:32:00,USER_010,doc_798.pdf,0
2026-08-03 11:52:00,USER_010,doc_782.pdf,0
2026-08-03 10:37:00,USER_010,doc_462.pdf,0
2026-08-03 14:31:00,USER_010,doc_995.pdf,0
2026-08-03 13:13:00,USER_010,doc_735.pdf,0
2026-08-03 16:08:00,USER_010,doc_258.pdf,0
2026-08-03 11:46:00,USER_010,doc_985.pdf,0
2026-08-03 11:08:00,USER_010,doc_919.pdf,0
2026-08-03 11:15:00,USER_010,doc_522.pdf,0
2026-08-03 09:57:00,USER_010,doc_283.pdf,0
2026-08-03 16:02:00,USER_010,doc_440.pdf,0
2026-08-03 13:15:00,USER_010,doc_921.pdf,0
2026-08-03 15:27:00,USER_010,doc_984.pdf,0
2026-08-03 16:01:00,USER_010,doc_930.pdf,0
2026-08-03 11:52:00,USER_010,doc_373.pdf,0
2026-08-03 11:46:00,USER_011,doc_936.pdf,0
2026-08-03 13:59:00,USER_011,doc_458.pdf,0
2026-08-03 12:40:00,USER_011,doc_940.pdf,0
2026-08-03 12:00:00,USER_011,doc_328.pdf,0
2026-08-03 10:16:00,USER_011,doc_775.pdf,0
2026-08-03 11:42:00,USER_011,doc_508.pdf,0
2026-08-03 12:52:00,USER_011,doc_385.pdf,0
2026-08-03 10:39:00,USER_011,doc_891.pdf,0
2026-08-03 12:26:00,USER_011,doc_459.pdf,0
2026-08-03 15:32:00,USER_011,doc_621.pdf,0
2026-08-03 13:28:00,USER_011,doc_795.pdf,0
2026-08-03 14:38:00,USER_011,doc_439.pdf,0
2026-08-03 10:42:00,USER_012,doc_710.pdf,0
2026-08-03 13:29:00,USER_012,doc_453.pdf,0
2026-08-03 16:00:00,USER_012,doc_905.pdf,0
2026-08-03 12:27:00,USER_012,doc_546.pdf,0
2026-08-03 14:57:00,USER_012,doc_623.pdf,0
2026-08-03 10:46:00,USER_012,doc_494.pdf,0
2026-08-03 14:21:00,USER_013,doc_925.pdf,0
2026-08-03 14:30:00,USER_013,doc_803.pdf,0
2026-08-03 16:03:00,USER_013,doc_859.pdf,0
2026-08-03 16:12:00,USER_013,doc_786.pdf,0
2026-08-03 11:35:00,USER_013,doc_472.pdf,0
2026-08-03 17:00:00,USER_014,doc_407.pdf,0
2026-08-03 15:11:00,USER_014,doc_416.pdf,0
2026-08-03 16:33:00,USER_014,doc_518.pdf,0
2026-08-03 13:39:00,USER_014,doc_512.pdf,0
2026-08-03 16:48:00,USER_014,doc_402.pdf,0
2026-08-03 15:35:00,USER_014,doc_230.pdf,0
2026-08-03 12:30:00,USER_014,doc_530.pdf,0
2026-08-03 16:32:00,USER_014,doc_488.pdf,0
2026-08-03 13:04:00,USER_015,doc_393.pdf,0
2026-08-03 12:16:00,USER_015,doc_540.pdf,0
2026-08-03 15:25:00,USER_015,doc_721.pdf,0
2026-08-03 16:04:00,USER_015,doc_429.pdf,0
2026-08-03 14:27:00,USER_015,doc_552.pdf,0
2026-08-03 16:37:00,USER_016,doc_186.pdf,0
2026-08-03 13:25:00,USER_016,doc_627.pdf,0
2026-08-03 16:39:00,USER_016,doc_748.pdf,0
2026-08-03 16:17:00,USER_016,doc_443.pdf,0
2026-08-03 11:47:00,USER_016,doc_938.pdf,0
2026-08-03 17:24:00,USER_016,doc_340.pdf,0
2026-08-03 16:44:00,USER_016,doc_417.pdf,0
2026-08-03 12:55:00,USER_016,doc_925.pdf,0
2026-08-03 12:41:00,USER_016,doc_250.pdf,0
2026-08-03 11:12:00,USER_016,doc_147.pdf,0
2026-08-03 16:46:00,USER_017,doc_813.pdf,0
2026-08-03 13:55:00,USER_017,doc_606.pdf,0
2026-08-03 14:03:00,USER_017,doc_349.pdf,0
2026-08-03 11:54:00,USER_017,doc_771.pdf,0
2026-08-03 16:31:00,USER_017,doc_105.pdf,0
2026-08-03 17:03:00,USER_017,doc_981.pdf,0
2026-08-03 11:33:00,USER_017,doc_897.pdf,0
2026-08-03 14:16:00,USER_017,doc_324.pdf,0
2026-08-03 12:09:00,USER_017,doc_923.pdf,0
2026-08-03 16:35:00,USER_017,doc_630.pdf,0
2026-08-03 14:36:00,USER_017,doc_151.pdf,0
2026-08-03 16:27:00,USER_018,doc_553.pdf,0
2026-08-03 15:14:00,USER_018,doc_934.pdf,0
2026-08-03 16:09:00,USER_018,doc_616.pdf,0
2026-08-03 13:39:00,USER_018,doc_950.pdf,0
2026-08-03 14:41:00,USER_018,doc_556.pdf,0
2026-08-03 11:22:00,USER_018,doc_861.pdf,0
2026-08-03 14:04:00,USER_018,doc_560.pdf,0
2026-08-03 12:13:00,USER_018,doc_869.pdf,0
2026-08-03 12:07:00,USER_018,doc_960.pdf,0
2026-08-03 15:27:00,USER_018,doc_383.pdf,0
2026-08-03 14:27:00,USER_018,doc_596.pdf,0
2026-08-03 15:21:00,USER_018,doc_344.pdf,0
2026-08-03 12:21:00,USER_018,doc_550.pdf,0
2026-08-03 10:40:00,USER_018,doc_830.pdf,0
2026-08-03 12:27:00,USER_018,doc_340.pdf,0
2026-08-03 13:34:00,USER_019,doc_810.pdf,0
2026-08-03 11:36:00,USER_019,doc_823.pdf,0
2026-08-03 12:07:00,USER_019,doc_165.pdf,0
2026-08-03 13:50:00,USER_019,doc_517.pdf,0
2026-08-03 13:07:00,USER_019,doc_655.pdf,0
2026-08-03 14:16:00,USER_019,doc_525.pdf,0
2026-08-03 10:49:00,USER_019,doc_311.pdf,0
2026-08-03 13:53:00,USER_019,doc_498.pdf,0
2026-08-03 15:17:00,USER_019,doc_812.pdf,0
2026-08-03 10:28:00,USER_019,doc_977.pdf,0
2026-08-03 15:12:00,USER_019,doc_489.pdf,0
2026-08-03 14:22:00,USER_019,doc_106.pdf,0
2026-08-03 13:53:00,USER_020,doc_324.pdf,0
2026-08-03 12:03:00,USER_020,doc_546.pdf,0
2026-08-03 13:52:00,USER_020,doc_129.pdf,0
2026-08-03 13:03:00,USER_020,doc_444.pdf,0
2026-08-03 15:26:00,USER_020,doc_795.pdf,0
2026-08-03 13:11:00,USER_020,doc_841.pdf,0
2026-08-03 11:08:00,USER_020,doc_960.pdf,0
2026-08-03 13:43:00,USER_020,doc_230.pdf,0
2026-08-03 15:02:00,USER_020,doc_646.pdf,0
2026-08-03 09:57:00,USER_020,doc_503.pdf,0
2026-08-03 14:47:00,USER_020,doc_677.pdf,0
2026-08-03 15:23:00,USER_020,doc_127.pdf,0
2026-08-04 12:00:00,USER_001,doc_316.pdf,0
2026-08-04 13:05:00,USER_001,doc_434.pdf,0
2026-08-04 12:05:00,USER_001,doc_879.pdf,0
2026-08-04 12:27:00,USER_001,doc_384.pdf,0
2026-08-04 15:38:00,USER_001,doc_951.pdf,0
2026-08-04 12:48:00,USER_001,doc_358.pdf,0
2026-08-04 09:54:00,USER_001,doc_581.pdf,0
2026-08-04 09:22:00,USER_001,doc_867.pdf,0
2026-08-04 13:49:00,USER_001,doc_153.pdf,0
2026-08-04 12:12:00,USER_001,doc_329.pdf,0
2026-08-04 14:45:00,USER_001,doc_170.pdf,0
2026-08-04 14:46:00,USER_001,doc_141.pdf,0
2026-08-04 15:39:00,USER_001,doc_131.pdf,0
2026-08-04 11:19:00,USER_001,doc_304.pdf,0
2026-08-04 09:23:00,USER_001,doc_736.pdf,0
2026-08-04 10:31:00,USER_001,doc_344.pdf,0
2026-08-04 10:17:00,USER_001,doc_584.pdf,0
2026-08-04 10:51:00,USER_002,doc_720.pdf,0
2026-08-04 14:36:00,USER_002,doc_865.pdf,0
2026-08-04 15:33:00,USER_002,doc_217.pdf,0
2026-08-04 10:49:00,USER_002,doc_418.pdf,0
2026-08-04 10:21:00,USER_002,doc_692.pdf,0
2026-08-04 09:39:00,USER_002,doc_419.pdf,0
2026-08-04 14:20:00,USER_002,doc_793.pdf,0
2026-08-04 12:38:00,USER_002,doc_506.pdf,0
2026-08-04 15:32:00,USER_002,doc_303.pdf,0
2026-08-04 10:04:00,USER_002,doc_706.pdf,0
2026-08-04 15:19:00,USER_002,doc_950.pdf,0
2026-08-04 14:47:00,USER_002,doc_348.pdf,0
2026-08-04 10:18:00,USER_002,doc_813.pdf,0
2026-08-04 12:00:00,USER_002,doc_970.pdf,0
2026-08-04 15:16:00,USER_002,doc_714.pdf,0
2026-08-04 10:27:00,USER_002,doc_915.pdf,0
2026-08-04 10:12:00,USER_003,doc_618.pdf,0
2026-08-04 15:08:00,USER_003,doc_449.pdf,0
2026-08-04 09:43:00,USER_003,doc_969.pdf,0
2026-08-04 13:12:00,USER_003,doc_942.pdf,0
2026-08-04 13:47:00,USER_003,doc_208.pdf,0
2026-08-04 13:18:00,USER_003,doc_470.pdf,0
2026-08-04 15:02:00,USER_003,doc_948.pdf,0
2026-08-04 13:32:00,USER_003,doc_824.pdf,0
2026-08-04 10:55:00,USER_003,doc_545.pdf,0
2026-08-04 11:07:00,USER_003,doc_851.pdf,0
2026-08-04 14:04:00,USER_003,doc_766.pdf,0
2026-08-04 11:55:00,USER_003,doc_730.pdf,0
2026-08-04 14:12:00,USER_003,doc_893.pdf,0
2026-08-04 13:44:00,USER_003,doc_576.pdf,0
2026-08-04 13:20:00,USER_003,doc_945.pdf,0
2026-08-04 15:51:00,USER_003,doc_706.pdf,0
2026-08-04 15:30:00,USER_004,doc_575.pdf,0
2026-08-04 13:57:00,USER_004,doc_724.pdf,0
2026-08-04 14:48:00,USER_004,doc_488.pdf,0
2026-08-04 11:58:00,USER_004,doc_129.pdf,0
2026-08-04 13:19:00,USER_004,doc_971.pdf,0
2026-08-04 11:52:00,USER_004,doc_286.pdf,0
2026-08-04 13:15:00,USER_004,doc_317.pdf,0
2026-08-04 12:07:00,USER_004,doc_916.pdf,0
2026-08-04 11:18:00,USER_004,doc_448.pdf,0
2026-08-04 11:29:00,USER_004,doc_710.pdf,0
2026-08-04 15:05:00,USER_004,doc_382.pdf,0
2026-08-04 13:50:00,USER_004,doc_110.pdf,0
2026-08-04 13:40:00,USER_005,doc_876.pdf,0
2026-08-04 10:59:00,USER_005,doc_807.pdf,0
2026-08-04 12:59:00,USER_005,doc_761.pdf,0
2026-08-04 15:00:00,USER_005,doc_602.pdf,0
2026-08-04 12:45:00,USER_005,doc_911.pdf,0
2026-08-04 09:04:00,USER_005,doc_195.pdf,0
2026-08-04 11:26:00,USER_005,doc_326.pdf,0
2026-08-04 12:23:00,USER_005,doc_808.pdf,0
2026-08-04 11:00:00,USER_005,doc_413.pdf,0
2026-08-04 14:35:00,USER_005,doc_695.pdf,0
2026-08-04 12:04:00,USER_005,doc_584.pdf,0
2026-08-04 13:39:00,USER_005,doc_643.pdf,0
2026-08-04 11:52:00,USER_005,doc_535.pdf,0
2026-08-04 15:17:00,USER_005,doc_663.pdf,0
2026-08-04 11:45:00,USER_005,doc_460.pdf,0
2026-08-04 14:55:00,USER_005,doc_564.pdf,0
2026-08-04 11:14:00,USER_005,doc_413.pdf,0
2026-08-04 11:04:00,USER_005,doc_336.pdf,0
2026-08-04 09:57:00,USER_005,doc_838.pdf,0
2026-08-04 10:34:00,USER_005,doc_423.pdf,0
2026-08-04 15:07:00,USER_006,doc_703.pdf,0
2026-08-04 15:26:00,USER_006,doc_637.pdf,0
2026-08-04 14:02:00,USER_006,doc_389.pdf,0
2026-08-04 09:48:00,USER_006,doc_952.pdf,0
2026-08-04 10:36:00,USER_006,doc_403.pdf,0
2026-08-04 10:53:00,USER_006,doc_469.pdf,0
2026-08-04 10:28:00,USER_006,doc_409.pdf,0
2026-08-04 09:04:00,USER_006,doc_825.pdf,0
2026-08-04 13:30:00,USER_006,doc_229.pdf,0
2026-08-04 11:17:00,USER_006,doc_146.pdf,0
2026-08-04 09:24:00,USER_006,doc_666.pdf,0
2026-08-04 11:26:00,USER_006,doc_814.pdf,0
2026-08-04 10:01:00,USER_006,doc_753.pdf,0
2026-08-04 12:51:00,USER_007,doc_551.pdf,0
2026-08-04 11:40:00,USER_007,doc_288.pdf,0
2026-08-04 09:12:00,USER_007,doc_358.pdf,0
2026-08-04 12:50:00,USER_007,doc_216.pdf,0
2026-08-04 09:19:00,USER_007,doc_510.pdf,0
2026-08-04 12:57:00,USER_007,doc_175.pdf,0
2026-08-04 13:41:00,USER_007,doc_744.pdf,0
2026-08-04 14:37:00,USER_007,doc_154.pdf,0
2026-08-04 10:03:00,USER_007,doc_252.pdf,0
2026-08-04 13:34:00,USER_007,doc_411.pdf,0
2026-08-04 09:29:00,USER_007,doc_354.pdf,0
2026-08-04 09:46:00,USER_007,doc_671.pdf,0
2026-08-04 12:19:00,USER_007,doc_720.pdf,0
2026-08-04 13:51:00,USER_007,doc_909.pdf,0
2026-08-04 14:02:00,USER_007,doc_331.pdf,0
2026-08-04 13:13:00,USER_007,doc_489.pdf,0
2026-08-04 12:36:00,USER_007,doc_553.pdf,0
2026-08-04 11:18:00,USER_007,doc_980.pdf,0
2026-08-04 13:47:00,USER_007,doc_539.pdf,0
2026-08-04 11:22:00,USER_007,doc_682.pdf,0
2026-08-04 09:43:00,USER_008,doc_345.pdf,0
2026-08-04 09:51:00,USER_008,doc_665.pdf,0
2026-08-04 09:01:00,USER_008,doc_260.pdf,0
2026-08-04 08:24:00,USER_008,doc_518.pdf,0
2026-08-04 12:13:00,USER_008,doc_805.pdf,0
2026-08-04 13:27:00,USER_008,doc_581.pdf,0
2026-08-04 10:52:00,USER_008,doc_133.pdf,0
2026-08-04 12:29:00,USER_009,doc_906.pdf,0
2026-08-04 15:34:00,USER_009,doc_703.pdf,0
2026-08-04 15:52:00,USER_009,doc_923.pdf,0
2026-08-04 11:55:00,USER_009,doc_535.pdf,0
2026-08-04 11:12:00,USER_009,doc_657.pdf,0
2026-08-04 12:09:00,USER_009,doc_763.pdf,0
2026-08-04 11:30:00,USER_009,doc_372.pdf,0
2026-08-04 11:26:00,USER_009,doc_173.pdf,0
2026-08-04 10:44:00,USER_009,doc_269.pdf,0
2026-08-04 12:51:00,USER_009,doc_709.pdf,0
2026-08-04 16:37:00,USER_009,doc_944.pdf,0
2026-08-04 15:05:00,USER_009,doc_395.pdf,0
2026-08-04 15:10:00,USER_010,doc_652.pdf,0
2026-08-04 15:06:00,USER_010,doc_548.pdf,0
2026-08-04 11:35:00,USER_010,doc_712.pdf,0
2026-08-04 11:14:00,USER_010,doc_542.pdf,0
2026-08-04 17:10:00,USER_010,doc_430.pdf,0
2026-08-04 16:03:00,USER_010,doc_356.pdf,0
2026-08-04 11:07:00,USER_010,doc_193.pdf,0
2026-08-04 12:51:00,USER_010,doc_790.pdf,0
2026-08-04 15:48:00,USER_010,doc_701.pdf,0
2026-08-04 11:04:00,USER_010,doc_883.pdf,0
2026-08-04 16:38:00,USER_010,doc_941.pdf,0
2026-08-04 13:11:00,USER_010,doc_690.pdf,0
2026-08-04 11:14:00,USER_010,doc_881.pdf,0
2026-08-04 12:10:00,USER_011,doc_699.pdf,0
2026-08-04 14:21:00,USER_011,doc_750.pdf,0
2026-08-04 14:49:00,USER_011,doc_193.pdf,0
2026-08-04 14:38:00,USER_011,doc_456.pdf,0
2026-08-04 14:07:00,USER_011,doc_441.pdf,0
2026-08-04 13:22:00,USER_011,doc_786.pdf,0
2026-08-04 11:31:00,USER_011,doc_978.pdf,0
2026-08-04 12:00:00,USER_011,doc_437.pdf,0
2026-08-04 14:08:00,USER_011,doc_810.pdf,0
2026-08-04 14:51:00,USER_011,doc_395.pdf,0
2026-08-04 16:17:00,USER_011,doc_510.pdf,0
2026-08-04 17:07:00,USER_011,doc_663.pdf,0
2026-08-04 10:56:00,USER_011,doc_565.pdf,0
2026-08-04 14:41:00,USER_012,doc_990.pdf,0
2026-08-04 13:42:00,USER_012,doc_573.pdf,0
2026-08-04 12:36:00,USER_012,doc_155.pdf,0
2026-08-04 10:41:00,USER_012,doc_630.pdf,0
2026-08-04 12:10:00,USER_012,doc_737.pdf,0
2026-08-04 10:54:00,USER_013,doc_548.pdf,0
2026-08-04 14:24:00,USER_013,doc_596.pdf,0
2026-08-04 09:29:00,USER_013,doc_129.pdf,0
2026-08-04 13:49:00,USER_013,doc_723.pdf,0
2026-08-04 10:29:00,USER_013,doc_826.pdf,0
2026-08-04 09:48:00,USER_013,doc_418.pdf,0
2026-08-04 13:09:00,USER_013,doc_114.pdf,0
2026-08-04 13:09:00,USER_013,doc_517.pdf,0
2026-08-04 09:14:00,USER_013,doc_330.pdf,0
2026-08-04 14:06:00,USER_014,doc_833.pdf,0
2026-08-04 12:20:00,USER_014,doc_621.pdf,0
2026-08-04 15:52:00,USER_014,doc_379.pdf,0
2026-08-04 13:23:00,USER_014,doc_954.pdf,0
2026-08-04 13:58:00,USER_014,doc_583.pdf,0
2026-08-04 11:55:00,USER_014,doc_567.pdf,0
2026-08-04 14:33:00,USER_014,doc_248.pdf,0
2026-08-04 13:07:00,USER_014,doc_295.pdf,0
2026-08-04 14:57:00,USER_014,doc_620.pdf,0
2026-08-04 11:53:00,USER_015,doc_906.pdf,0
2026-08-04 13:18:00,USER_015,doc_373.pdf,0
2026-08-04 09:00:00,USER_015,doc_389.pdf,0
2026-08-04 15:10:00,USER_015,doc_405.pdf,0
2026-08-04 13:59:00,USER_015,doc_693.pdf,0
2026-08-04 14:36:00,USER_015,doc_601.pdf,0
2026-08-04 10:15:00,USER_015,doc_557.pdf,0
2026-08-04 13:34:00,USER_015,doc_595.pdf,0
2026-08-04 11:55:00,USER_015,doc_440.pdf,0
2026-08-04 13:41:00,USER_015,doc_881.pdf,0
2026-08-04 13:37:00,USER_015,doc_486.pdf,0
2026-08-04 12:52:00,USER_015,doc_429.pdf,0
2026-08-04 10:35:00,USER_015,doc_814.pdf,0
2026-08-04 11:01:00,USER_015,doc_685.pdf,0
2026-08-04 12:15:00,USER_015,doc_339.pdf,0
2026-08-04 12:29:00,USER_015,doc_144.pdf,0
2026-08-04 11:41:00,USER_015,doc_862.pdf,0
2026-08-04 13:01:00,USER_015,doc_822.pdf,0
2026-08-04 14:13:00,USER_016,doc_137.pdf,0
2026-08-04 11:04:00,USER_016,doc_614.pdf,0
2026-08-04 15:02:00,USER_016,doc_439.pdf,0
2026-08-04 10:51:00,USER_016,doc_995.pdf,0
2026-08-04 13:45:00,USER_016,doc_202.pdf,0
2026-08-04 14:29:00,USER_016,doc_567.pdf,0
2026-08-04 10:07:00,USER_016,doc_839.pdf,0
2026-08-04 11:13:00,USER_016,doc_519.pdf,0
2026-08-04 15:35:00,USER_016,doc_258.pdf,0
2026-08-04 13:23:00,USER_017,doc_972.pdf,0
2026-08-04 16:20:00,USER_017,doc_979.pdf,0
2026-08-04 15:08:00,USER_017,doc_489.pdf,0
2026-08-04 13:17:00,USER_017,doc_741.pdf,0
2026-08-04 16:42:00,USER_017,doc_877.pdf,0
2026-08-04 14:44:00,USER_017,doc_993.pdf,0
2026-08-04 15:12:00,USER_017,doc_136.pdf,0
2026-08-04 17:30:00,USER_018,doc_192.pdf,0
2026-08-04 14:50:00,USER_018,doc_200.pdf,0
2026-08-04 17:37:00,USER_018,doc_748.pdf,0
2026-08-04 17:08:00,USER_018,doc_993.pdf,0
2026-08-04 11:59:00,USER_018,doc_554.pdf,0
2026-08-04 12:33:00,USER_018,doc_810.pdf,0
2026-08-04 13:41:00,USER_018,doc_129.pdf,0
2026-08-04 11:31:00,USER_018,doc_432.pdf,0
2026-08-04 11:36:00,USER_018,doc_400.pdf,0
2026-08-04 14:11:00,USER_018,doc_483.pdf,0
2026-08-04 14:48:00,USER_018,doc_249.pdf,0
2026-08-04 13:13:00,USER_018,doc_643.pdf,0
2026-08-04 13:32:00,USER_019,doc_799.pdf,0
2026-08-04 10:18:00,USER_019,doc_609.pdf,0
2026-08-04 13:13:00,USER_019,doc_246.pdf,0
2026-08-04 10:13:00,USER_019,doc_572.pdf,0
2026-08-04 13:41:00,USER_019,doc_360.pdf,0
2026-08-04 12:10:00,USER_019,doc_361.pdf,0
2026-08-04 13:56:00,USER_019,doc_109.pdf,0
2026-08-04 12:13:00,USER_019,doc_394.pdf,0
2026-08-04 14:01:00,USER_019,doc_659.pdf,0
2026-08-04 09:35:00,USER_019,doc_175.pdf,0
2026-08-04 12:01:00,USER_019,doc_453.pdf,0
2026-08-04 13:15:00,USER_019,doc_406.pdf,0
2026-08-04 13:42:00,USER_019,doc_534.pdf,0
2026-08-04 14:08:00,USER_019,doc_356.pdf,0
2026-08-04 12:08:00,USER_019,doc_965.pdf,0
2026-08-04 10:49:00,USER_019,doc_303.pdf,0
2026-08-04 11:31:00,USER_019,doc_973.pdf,0
2026-08-04 15:30:00,USER_020,doc_402.pdf,0
2026-08-04 09:43:00,USER_020,doc_949.pdf,0
2026-08-04 15:09:00,USER_020,doc_505.pdf,0
2026-08-04 11:52:00,USER_020,doc_108.pdf,0
2026-08-04 14:21:00,USER_020,doc_985.pdf,0
2026-08-04 15:23:00,USER_020,doc_896.pdf,0
2026-08-04 15:53:00,USER_020,doc_150.pdf,0
2026-08-04 14:42:00,USER_020,doc_863.pdf,0
2026-08-04 13:46:00,USER_020,doc_952.pdf,0
2026-08-04 11:58:00,USER_020,doc_894.pdf,0
2026-08-04 11:29:00,USER_020,doc_721.pdf,0
2026-08-04 12:32:00,USER_020,doc_324.pdf,0
2026-08-04 14:57:00,USER_020,doc_294.pdf,0
2026-08-04 14:49:00,USER_020,doc_356.pdf,0
2026-08-05 13:45:00,USER_001,doc_907.pdf,0
2026-08-05 14:52:00,USER_001,doc_134.pdf,0
2026-08-05 16:03:00,USER_001,doc_473.pdf,0
2026-08-05 17:21:00,USER_001,doc_234.pdf,0
2026-08-05 11:53:00,USER_001,doc_402.pdf,0
2026-08-05 13:54:00,USER_001,doc_865.pdf,0
2026-08-05 10:30:00,USER_002,doc_363.pdf,0
2026-08-05 13:12:00,USER_002,doc_925.pdf,0
2026-08-05 11:37:00,USER_002,doc_864.pdf,0
2026-08-05 11:59:00,USER_002,doc_923.pdf,0
2026-08-05 10:04:00,USER_002,doc_579.pdf,0
2026-08-05 09:44:00,USER_002,doc_244.pdf,0
2026-08-05 15:32:00,USER_002,doc_331.pdf,0
2026-08-05 14:52:00,USER_002,doc_841.pdf,0
2026-08-05 14:51:00,USER_002,doc_506.pdf,0
2026-08-05 13:51:00,USER_002,doc_474.pdf,0
2026-08-05 09:52:00,USER_002,doc_909.pdf,0
2026-08-05 12:28:00,USER_002,doc_114.pdf,0
2026-08-05 11:21:00,USER_002,doc_649.pdf,0
2026-08-05 11:57:00,USER_003,doc_791.pdf,0
2026-08-05 13:01:00,USER_003,doc_582.pdf,0
2026-08-05 11:14:00,USER_003,doc_734.pdf,0
2026-08-05 15:49:00,USER_003,doc_435.pdf,0
2026-08-05 16:14:00,USER_003,doc_326.pdf,0
2026-08-05 16:33:00,USER_003,doc_164.pdf,0
2026-08-05 16:27:00,USER_003,doc_943.pdf,0
2026-08-05 14:59:00,USER_003,doc_817.pdf,0
2026-08-05 13:36:00,USER_003,doc_764.pdf,0
2026-08-05 14:31:00,USER_003,doc_219.pdf,0
2026-08-05 12:13:00,USER_003,doc_146.pdf,0
2026-08-05 11:21:00,USER_003,doc_411.pdf,0
2026-08-05 15:14:00,USER_003,doc_218.pdf,0
2026-08-05 11:51:00,USER_003,doc_340.pdf,0
2026-08-05 15:37:00,USER_003,doc_238.pdf,0
2026-08-05 14:20:00,USER_003,doc_564.pdf,0
2026-08-05 16:31:00,USER_004,doc_201.pdf,0
2026-08-05 15:06:00,USER_004,doc_730.pdf,0
2026-08-05 14:24:00,USER_004,doc_386.pdf,0
2026-08-05 11:12:00,USER_004,doc_806.pdf,0
2026-08-05 14:05:00,USER_004,doc_322.pdf,0
2026-08-05 14:43:00,USER_004,doc_555.pdf,0
2026-08-05 12:56:00,USER_004,doc_975.pdf,0
2026-08-05 14:01:00,USER_004,doc_201.pdf,0
2026-08-05 16:47:00,USER_004,doc_476.pdf,0
2026-08-05 15:34:00,USER_004,doc_760.pdf,0
2026-08-05 13:59:00,USER_004,doc_162.pdf,0
2026-08-05 14:19:00,USER_004,doc_382.pdf,0
2026-08-05 12:33:00,USER_004,doc_225.pdf,0
2026-08-05 14:48:00,USER_004,doc_193.pdf,0
2026-08-05 16:35:00,USER_004,doc_317.pdf,0
2026-08-05 16:24:00,USER_004,doc_754.pdf,0
2026-08-05 16:01:00,USER_004,doc_121.pdf,0
2026-08-05 11:21:00,USER_004,doc_905.pdf,0
2026-08-05 15:14:00,USER_005,doc_321.pdf,0
2026-08-05 12:13:00,USER_005,doc_436.pdf,0
2026-08-05 11:29:00,USER_005,doc_907.pdf,0
2026-08-05 15:19:00,USER_005,doc_102.pdf,0
2026-08-05 12:35:00,USER_005,doc_979.pdf,0
2026-08-05 11:28:00,USER_005,doc_233.pdf,0
2026-08-05 14:50:00,USER_005,doc_356.pdf,0
2026-08-05 11:43:00,USER_005,doc_212.pdf,0
2026-08-05 15:52:00,USER_005,doc_987.pdf,0
2026-08-05 10:27:00,USER_005,doc_234.pdf,0
2026-08-05 10:21:00,USER_005,doc_466.pdf,0
2026-08-05 10:37:00,USER_006,doc_229.pdf,0
2026-08-05 16:30:00,USER_006,doc_531.pdf,0
2026-08-05 14:40:00,USER_006,doc_216.pdf,0
2026-08-05 16:32:00,USER_006,doc_165.pdf,0
2026-08-05 14:14:00,USER_006,doc_559.pdf,0
2026-08-05 13:16:00,USER_006,doc_625.pdf,0
2026-08-05 15:14:00,USER_006,doc_211.pdf,0
2026-08-05 14:02:00,USER_006,doc_615.pdf,0
2026-08-05 12:04:00,USER_006,doc_729.pdf,0
2026-08-05 10:33:00,USER_006,doc_844.pdf,0
2026-08-05 15:48:00,USER_006,doc_633.pdf,0
2026-08-05 12:45:00,USER_006,doc_569.pdf,0
2026-08-05 15:40:00,USER_006,doc_131.pdf,0
2026-08-05 09:53:00,USER_007,doc_182.pdf,0
2026-08-05 12:00:00,USER_007,doc_722.pdf,0
2026-08-05 10:31:00,USER_007,doc_167.pdf,0
2026-08-05 10:20:00,USER_007,doc_381.pdf,0
2026-08-05 14:35:00,USER_007,doc_748.pdf,0
2026-08-05 14:15:00,USER_007,doc_661.pdf,0
2026-08-05 15:20:00,USER_007,doc_432.pdf,0
2026-08-05 12:31:00,USER_007,doc_711.pdf,0
2026-08-05 13:47:00,USER_007,doc_401.pdf,0
2026-08-05 13:08:00,USER_007,doc_617.pdf,0
2026-08-05 14:25:00,USER_007,doc_540.pdf,0
2026-08-05 10:06:00,USER_007,doc_912.pdf,0
2026-08-05 15:15:00,USER_007,doc_217.pdf,0
2026-08-05 14:51:00,USER_007,doc_766.pdf,0
2026-08-05 13:58:00,USER_007,doc_838.pdf,0
2026-08-05 11:06:00,USER_007,doc_540.pdf,0
2026-08-05 13:07:00,USER_007,doc_333.pdf,0
2026-08-05 12:47:00,USER_007,doc_447.pdf,0
2026-08-05 13:08:00,USER_007,doc_508.pdf,0
2026-08-05 12:41:00,USER_008,doc_256.pdf,0
2026-08-05 15:21:00,USER_008,doc_585.pdf,0
2026-08-05 10:04:00,USER_008,doc_193.pdf,0
2026-08-05 10:13:00,USER_008,doc_195.pdf,0
2026-08-05 13:11:00,USER_008,doc_198.pdf,0
2026-08-05 15:51:00,USER_008,doc_856.pdf,0
2026-08-05 12:40:00,USER_008,doc_931.pdf,0
2026-08-05 10:36:00,USER_008,doc_669.pdf,0
2026-08-05 10:00:00,USER_008,doc_700.pdf,0
2026-08-05 14:17:00,USER_008,doc_675.pdf,0
2026-08-05 12:18:00,USER_008,doc_786.pdf,0
2026-08-05 10:32:00,USER_008,doc_520.pdf,0
2026-08-05 12:31:00,USER_008,doc_994.pdf,0
2026-08-05 13:28:00,USER_009,doc_206.pdf,0
2026-08-05 15:23:00,USER_009,doc_619.pdf,0
2026-08-05 12:16:00,USER_009,doc_258.pdf,0
2026-08-05 16:04:00,USER_009,doc_593.pdf,0
2026-08-05 12:22:00,USER_009,doc_967.pdf,0
2026-08-05 11:23:00,USER_009,doc_458.pdf,0
2026-08-05 15:12:00,USER_009,doc_476.pdf,0
2026-08-05 11:26:00,USER_009,doc_880.pdf,0
2026-08-05 12:50:00,USER_009,doc_687.pdf,0
2026-08-05 12:23:00,USER_009,doc_926.pdf,0
2026-08-05 14:07:00,USER_009,doc_965.pdf,0
2026-08-05 15:15:00,USER_009,doc_885.pdf,0
2026-08-05 15:46:00,USER_009,doc_728.pdf,0
2026-08-05 16:13:00,USER_009,doc_758.pdf,0
2026-08-05 11:20:00,USER_010,doc_459.pdf,0
2026-08-05 08:30:00,USER_010,doc_285.pdf,0
2026-08-05 09:40:00,USER_010,doc_679.pdf,0
2026-08-05 14:03:00,USER_010,doc_510.pdf,0
2026-08-05 09:02:00,USER_010,doc_245.pdf,0
2026-08-05 14:46:00,USER_010,doc_748.pdf,0
2026-08-05 08:42:00,USER_010,doc_193.pdf,0
2026-08-05 14:49:00,USER_010,doc_643.pdf,0
2026-08-05 10:17:00,USER_010,doc_485.pdf,0
2026-08-05 12:01:00,USER_010,doc_564.pdf,0
2026-08-05 11:21:00,USER_010,doc_261.pdf,0
2026-08-05 11:36:00,USER_010,doc_419.pdf,0
2026-08-05 14:36:00,USER_010,doc_432.pdf,0
2026-08-05 13:17:00,USER_010,doc_710.pdf,0
2026-08-05 10:32:00,USER_011,doc_553.pdf,0
2026-08-05 13:51:00,USER_011,doc_534.pdf,0
2026-08-05 12:21:00,USER_011,doc_721.pdf,0
2026-08-05 11:59:00,USER_011,doc_524.pdf,0
2026-08-05 10:32:00,USER_011,doc_320.pdf,0
2026-08-05 14:39:00,USER_011,doc_624.pdf,0
2026-08-05 09:11:00,USER_011,doc_453.pdf,0
2026-08-05 11:10:00,USER_012,doc_325.pdf,0
2026-08-05 14:09:00,USER_012,doc_713.pdf,0
2026-08-05 11:15:00,USER_012,doc_107.pdf,0
2026-08-05 12:31:00,USER_012,doc_408.pdf,0
2026-08-05 12:35:00,USER_012,doc_885.pdf,0
2026-08-05 11:57:00,USER_012,doc_882.pdf,0
2026-08-05 12:57:00,USER_012,doc_396.pdf,0
2026-08-05 13:34:00,USER_012,doc_222.pdf,0
2026-08-05 10:50:00,USER_012,doc_609.pdf,0
2026-08-05 17:09:00,USER_012,doc_540.pdf,0
2026-08-05 12:16:00,USER_012,doc_232.pdf,0
2026-08-05 14:01:00,USER_012,doc_645.pdf,0
2026-08-05 16:47:00,USER_012,doc_335.pdf,0
2026-08-05 15:03:00,USER_012,doc_672.pdf,0
2026-08-05 12:48:00,USER_013,doc_119.pdf,0
2026-08-05 13:00:00,USER_013,doc_179.pdf,0
2026-08-05 11:45:00,USER_013,doc_689.pdf,0
2026-08-05 12:44:00,USER_013,doc_687.pdf,0
2026-08-05 12:32:00,USER_013,doc_826.pdf,0
2026-08-05 14:32:00,USER_013,doc_527.pdf,0
2026-08-05 14:13:00,USER_014,doc_470.pdf,0
2026-08-05 09:05:00,USER_014,doc_547.pdf,0
2026-08-05 09:14:00,USER_014,doc_349.pdf,0
2026-08-05 12:03:00,USER_014,doc_703.pdf,0
2026-08-05 11:45:00,USER_014,doc_636.pdf,0
2026-08-05 09:00:00,USER_014,doc_505.pdf,0
2026-08-05 10:58:00,USER_014,doc_863.pdf,0
2026-08-05 11:13:00,USER_014,doc_326.pdf,0
2026-08-05 11:10:00,USER_014,doc_897.pdf,0
2026-08-05 09:46:00,USER_014,doc_178.pdf,0
2026-08-05 12:41:00,USER_014,doc_748.pdf,0
2026-08-05 09:18:00,USER_014,doc_643.pdf,0
2026-08-05 12:41:00,USER_014,doc_298.pdf,0
2026-08-05 11:18:00,USER_014,doc_459.pdf,0
2026-08-05 14:32:00,USER_014,doc_938.pdf,0
2026-08-05 13:50:00,USER_014,doc_934.pdf,0
2026-08-05 09:35:00,USER_014,doc_341.pdf,0
2026-08-05 09:12:00,USER_014,doc_249.pdf,0
2026-08-05 10:31:00,USER_014,doc_302.pdf,0
2026-08-05 14:18:00,USER_015,doc_872.pdf,0
2026-08-05 15:09:00,USER_015,doc_878.pdf,0
2026-08-05 15:17:00,USER_015,doc_559.pdf,0
2026-08-05 16:09:00,USER_015,doc_678.pdf,0
2026-08-05 15:50:00,USER_015,doc_750.pdf,0
2026-08-05 15:40:00,USER_015,doc_430.pdf,0
2026-08-05 15:42:00,USER_015,doc_423.pdf,0
2026-08-05 11:38:00,USER_015,doc_550.pdf,0
2026-08-05 10:55:00,USER_015,doc_580.pdf,0
2026-08-05 14:07:00,USER_015,doc_746.pdf,0
2026-08-05 12:56:00,USER_015,doc_915.pdf,0
2026-08-05 12:41:00,USER_015,doc_705.pdf,0
2026-08-05 10:49:00,USER_015,doc_460.pdf,0
2026-08-05 14:40:00,USER_015,doc_175.pdf,0
2026-08-05 12:59:00,USER_015,doc_572.pdf,0
2026-08-05 14:12:00,USER_015,doc_138.pdf,0
2026-08-05 10:50:00,USER_015,doc_477.pdf,0
2026-08-05 12:47:00,USER_015,doc_178.pdf,0
2026-08-05 15:51:00,USER_015,doc_984.pdf,0
2026-08-05 11:07:00,USER_015,doc_729.pdf,0
2026-08-05 13:35:00,USER_016,doc_929.pdf,0
2026-08-05 14:37:00,USER_016,doc_767.pdf,0
2026-08-05 11:21:00,USER_016,doc_429.pdf,0
2026-08-05 14:54:00,USER_016,doc_587.pdf,0
2026-08-05 14:01:00,USER_016,doc_254.pdf,0
2026-08-05 10:16:00,USER_016,doc_561.pdf,0
2026-08-05 16:23:00,USER_017,doc_548.pdf,0
2026-08-05 14:05:00,USER_017,doc_636.pdf,0
2026-08-05 14:48:00,USER_017,doc_724.pdf,0
2026-08-05 11:42:00,USER_017,doc_472.pdf,0
2026-08-05 13:31:00,USER_017,doc_389.pdf,0
2026-08-05 13:39:00,USER_017,doc_518.pdf,0
2026-08-05 13:14:00,USER_017,doc_795.pdf,0
2026-08-05 15:27:00,USER_017,doc_153.pdf,0
2026-08-05 15:44:00,USER_017,doc_762.pdf,0
2026-08-05 13:12:00,USER_017,doc_167.pdf,0
2026-08-05 13:09:00,USER_017,doc_196.pdf,0
2026-08-05 15:06:00,USER_017,doc_794.pdf,0
2026-08-05 13:58:00,USER_018,doc_183.pdf,0
2026-08-05 16:06:00,USER_018,doc_779.pdf,0
2026-08-05 12:20:00,USER_018,doc_458.pdf,0
2026-08-05 13:46:00,USER_018,doc_771.pdf,0
2026-08-05 17:05:00,USER_018,doc_778.pdf,0
2026-08-05 14:28:00,USER_018,doc_232.pdf,0
2026-08-05 16:12:00,USER_018,doc_825.pdf,0
2026-08-05 11:51:00,USER_018,doc_417.pdf,0
2026-08-05 15:54:00,USER_018,doc_485.pdf,0
2026-08-05 14:24:00,USER_019,doc_786.pdf,0
2026-08-05 12:30:00,USER_019,doc_620.pdf,0
2026-08-05 11:59:00,USER_019,doc_118.pdf,0
2026-08-05 11:59:00,USER_019,doc_416.pdf,0
2026-08-05 10:26:00,USER_019,doc_319.pdf,0
2026-08-05 11:48:00,USER_019,doc_884.pdf,0
2026-08-05 13:02:00,USER_019,doc_296.pdf,0
2026-08-05 12:47:00,USER_020,doc_889.pdf,0
2026-08-05 13:04:00,USER_020,doc_955.pdf,0
2026-08-05 14:46:00,USER_020,doc_639.pdf,0
2026-08-05 08:47:00,USER_020,doc_777.pdf,0
2026-08-05 11:20:00,USER_020,doc_997.pdf,0
2026-08-05 13:44:00,USER_020,doc_234.pdf,0
2026-08-05 13:33:00,USER_020,doc_485.pdf,0
2026-08-05 09:46:00,USER_020,doc_266.pdf,0
2026-08-06 15:58:00,USER_001,doc_836.pdf,0
2026-08-06 12:13:00,USER_001,doc_554.pdf,0
2026-08-06 15:24:00,USER_001,doc_391.pdf,0
2026-08-06 16:37:00,USER_001,doc_866.pdf,0
2026-08-06 14:01:00,USER_001,doc_339.pdf,0
2026-08-06 14:45:00,USER_001,doc_344.pdf,0
2026-08-06 12:50:00,USER_001,doc_928.pdf,0
2026-08-06 14:12:00,USER_001,doc_955.pdf,0
2026-08-06 11:51:00,USER_001,doc_476.pdf,0
2026-08-06 15:59:00,USER_001,doc_684.pdf,0
2026-08-06 13:57:00,USER_001,doc_572.pdf,0
2026-08-06 12:36:00,USER_001,doc_896.pdf,0
2026-08-06 13:27:00,USER_001,doc_614.pdf,0
2026-08-06 14:42:00,USER_001,doc_528.pdf,0
2026-08-06 11:34:00,USER_001,doc_936.pdf,0
2026-08-06 11:54:00,USER_001,doc_920.pdf,0
2026-08-06 13:23:00,USER_002,doc_205.pdf,0
2026-08-06 14:44:00,USER_002,doc_966.pdf,0
2026-08-06 13:04:00,USER_002,doc_971.pdf,0
2026-08-06 09:43:00,USER_002,doc_391.pdf,0
2026-08-06 09:22:00,USER_002,doc_881.pdf,0
2026-08-06 10:02:00,USER_002,doc_379.pdf,0
2026-08-06 12:30:00,USER_002,doc_625.pdf,0
2026-08-06 09:55:00,USER_002,doc_950.pdf,0
2026-08-06 12:23:00,USER_002,doc_193.pdf,0
2026-08-06 10:33:00,USER_002,doc_936.pdf,0
2026-08-06 12:30:00,USER_002,doc_457.pdf,0
2026-08-06 08:53:00,USER_002,doc_524.pdf,0
2026-08-06 09:07:00,USER_002,doc_505.pdf,0
2026-08-06 12:57:00,USER_002,doc_482.pdf,0
2026-08-06 10:40:00,USER_002,doc_495.pdf,0
2026-08-06 09:21:00,USER_002,doc_483.pdf,0
2026-08-06 10:01:00,USER_003,doc_139.pdf,0
2026-08-06 11:17:00,USER_003,doc_949.pdf,0
2026-08-06 12:52:00,USER_003,doc_812.pdf,0
2026-08-06 10:02:00,USER_003,doc_877.pdf,0
2026-08-06 14:52:00,USER_003,doc_580.pdf,0
2026-08-06 12:40:00,USER_003,doc_730.pdf,0
2026-08-06 08:53:00,USER_003,doc_181.pdf,0
2026-08-06 09:00:00,USER_003,doc_362.pdf,0
2026-08-06 10:41:00,USER_003,doc_955.pdf,0
2026-08-06 08:49:00,USER_004,doc_344.pdf,0
2026-08-06 11:59:00,USER_004,doc_754.pdf,0
2026-08-06 13:43:00,USER_004,doc_568.pdf,0
2026-08-06 08:57:00,USER_004,doc_213.pdf,0
2026-08-06 12:40:00,USER_004,doc_711.pdf,0
2026-08-06 12:59:00,USER_004,doc_116.pdf,0
2026-08-06 13:48:00,USER_004,doc_627.pdf,0
2026-08-06 13:19:00,USER_004,doc_347.pdf,0
2026-08-06 14:41:00,USER_005,doc_526.pdf,0
2026-08-06 11:24:00,USER_005,doc_780.pdf,0
2026-08-06 15:31:00,USER_005,doc_187.pdf,0
2026-08-06 14:17:00,USER_005,doc_469.pdf,0
2026-08-06 10:23:00,USER_005,doc_638.pdf,0
2026-08-06 14:27:00,USER_005,doc_619.pdf,0
2026-08-06 14:08:00,USER_005,doc_667.pdf,0
2026-08-06 09:59:00,USER_005,doc_499.pdf,0
2026-08-06 13:49:00,USER_005,doc_144.pdf,0
2026-08-06 15:14:00,USER_005,doc_496.pdf,0
2026-08-06 13:00:00,USER_005,doc_359.pdf,0
2026-08-06 16:11:00,USER_005,doc_116.pdf,0
2026-08-06 14:53:00,USER_006,doc_852.pdf,0
2026-08-06 16:23:00,USER_006,doc_440.pdf,0
2026-08-06 11:04:00,USER_006,doc_145.pdf,0
2026-08-06 12:56:00,USER_006,doc_659.pdf,0
2026-08-06 12:49:00,USER_006,doc_933.pdf,0
2026-08-06 15:25:00,USER_006,doc_279.pdf,0
2026-08-06 15:46:00,USER_006,doc_575.pdf,0
2026-08-06 15:52:00,USER_006,doc_590.pdf,0
2026-08-06 11:29:00,USER_007,doc_306.pdf,0
2026-08-06 09:21:00,USER_007,doc_910.pdf,0
2026-08-06 10:41:00,USER_007,doc_142.pdf,0
2026-08-06 11:40:00,USER_007,doc_417.pdf,0
2026-08-06 13:22:00,USER_007,doc_507.pdf,0
2026-08-06 13:37:00,USER_007,doc_584.pdf,0
2026-08-06 15:40:00,USER_008,doc_439.pdf,0
2026-08-06 12:24:00,USER_008,doc_227.pdf,0
2026-08-06 13:13:00,USER_008,doc_547.pdf,0
2026-08-06 13:29:00,USER_008,doc_861.pdf,0
2026-08-06 13:50:00,USER_008,doc_495.pdf,0
2026-08-06 12:58:00,USER_008,doc_291.pdf,0
2026-08-06 15:39:00,USER_009,doc_534.pdf,0
2026-08-06 10:07:00,USER_009,doc_540.pdf,0
2026-08-06 14:35:00,USER_009,doc_942.pdf,0
2026-08-06 10:59:00,USER_009,doc_658.pdf,0
2026-08-06 11:57:00,USER_009,doc_428.pdf,0
2026-08-06 10:19:00,USER_009,doc_181.pdf,0
2026-08-06 12:14:00,USER_009,doc_776.pdf,0
2026-08-06 13:36:00,USER_010,doc_557.pdf,0
2026-08-06 10:58:00,USER_010,doc_844.pdf,0
2026-08-06 13:37:00,USER_010,doc_729.pdf,0
2026-08-06 14:19:00,USER_010,doc_381.pdf,0
2026-08-06 16:04:00,USER_010,doc_910.pdf,0
2026-08-06 11:06:00,USER_010,doc_176.pdf,0
2026-08-06 16:20:00,USER_010,doc_752.pdf,0
2026-08-06 14:04:00,USER_010,doc_472.pdf,0
2026-08-06 14:59:00,USER_010,doc_920.pdf,0
2026-08-06 17:00:00,USER_010,doc_795.pdf,0
2026-08-06 11:58:00,USER_010,doc_131.pdf,0
2026-08-06 11:50:00,USER_010,doc_969.pdf,0
2026-08-06 15:48:00,USER_010,doc_794.pdf,0
2026-08-06 14:21:00,USER_010,doc_135.pdf,0
2026-08-06 11:41:00,USER_010,doc_168.pdf,0
2026-08-06 12:37:00,USER_010,doc_897.pdf,0
2026-08-06 16:07:00,USER_010,doc_475.pdf,0
2026-08-06 13:42:00,USER_010,doc_492.pdf,0
2026-08-06 15:27:00,USER_010,doc_133.pdf,0
2026-08-06 14:31:00,USER_011,doc_240.pdf,0
2026-08-06 14:09:00,USER_011,doc_475.pdf,0
2026-08-06 13:01:00,USER_011,doc_421.pdf,0
2026-08-06 15:10:00,USER_011,doc_385.pdf,0
2026-08-06 11:45:00,USER_011,doc_216.pdf,0
2026-08-06 09:51:00,USER_011,doc_853.pdf,0
2026-08-06 11:13:00,USER_011,doc_611.pdf,0
2026-08-06 15:08:00,USER_012,doc_392.pdf,0
2026-08-06 15:50:00,USER_012,doc_602.pdf,0
2026-08-06 11:37:00,USER_012,doc_225.pdf,0
2026-08-06 11:04:00,USER_012,doc_973.pdf,0
2026-08-06 10:32:00,USER_012,doc_562.pdf,0
2026-08-06 11:23:00,USER_012,doc_830.pdf,0
2026-08-06 13:42:00,USER_012,doc_189.pdf,0
2026-08-06 15:44:00,USER_012,doc_965.pdf,0
2026-08-06 12:38:00,USER_012,doc_783.pdf,0
2026-08-06 12:52:00,USER_012,doc_826.pdf,0
2026-08-06 10:28:00,USER_012,doc_663.pdf,0
2026-08-06 12:00:00,USER_013,doc_620.pdf,0
2026-08-06 10:49:00,USER_013,doc_224.pdf,0
2026-08-06 10:37:00,USER_013,doc_911.pdf,0
2026-08-06 10:06:00,USER_013,doc_342.pdf,0
2026-08-06 13:07:00,USER_013,doc_126.pdf,0
2026-08-06 11:59:00,USER_013,doc_667.pdf,0
2026-08-06 13:48:00,USER_013,doc_477.pdf,0
2026-08-06 12:54:00,USER_013,doc_922.pdf,0
2026-08-06 13:37:00,USER_013,doc_232.pdf,0
2026-08-06 14:08:00,USER_013,doc_188.pdf,0
2026-08-06 12:03:00,USER_014,doc_424.pdf,0
2026-08-06 16:27:00,USER_014,doc_175.pdf,0
2026-08-06 14:49:00,USER_014,doc_577.pdf,0
2026-08-06 16:47:00,USER_014,doc_629.pdf,0
2026-08-06 13:55:00,USER_014,doc_231.pdf,0
2026-08-06 15:41:00,USER_014,doc_755.pdf,0
2026-08-06 15:59:00,USER_014,doc_286.pdf,0
2026-08-06 11:11:00,USER_015,doc_630.pdf,0
2026-08-06 11:26:00,USER_015,doc_411.pdf,0
2026-08-06 11:32:00,USER_015,doc_265.pdf,0
2026-08-06 12:53:00,USER_015,doc_826.pdf,0
2026-08-06 12:03:00,USER_015,doc_454.pdf,0
2026-08-06 14:33:00,USER_015,doc_390.pdf,0
2026-08-06 14:05:00,USER_016,doc_410.pdf,0
2026-08-06 13:59:00,USER_016,doc_646.pdf,0
2026-08-06 09:32:00,USER_016,doc_614.pdf,0
2026-08-06 14:13:00,USER_016,doc_272.pdf,0
2026-08-06 13:48:00,USER_016,doc_694.pdf,0
2026-08-06 10:03:00,USER_016,doc_275.pdf,0
2026-08-06 14:22:00,USER_016,doc_739.pdf,0
2026-08-06 14:53:00,USER_016,doc_719.pdf,0
2026-08-06 11:37:00,USER_016,doc_962.pdf,0
2026-08-06 13:45:00,USER_017,doc_315.pdf,0
2026-08-06 13:04:00,USER_017,doc_526.pdf,0
2026-08-06 13:28:00,USER_017,doc_754.pdf,0
2026-08-06 08:27:00,USER_017,doc_609.pdf,0
2026-08-06 13:33:00,USER_017,doc_658.pdf,0
2026-08-06 10:40:00,USER_017,doc_757.pdf,0
2026-08-06 10:46:00,USER_017,doc_594.pdf,0
2026-08-06 10:17:00,USER_017,doc_924.pdf,0
2026-08-06 14:02:00,USER_017,doc_515.pdf,0
2026-08-06 10:44:00,USER_017,doc_564.pdf,0
2026-08-06 08:49:00,USER_017,doc_805.pdf,0
2026-08-06 08:42:00,USER_017,doc_261.pdf,0
2026-08-06 11:57:00,USER_017,doc_525.pdf,0
2026-08-06 15:34:00,USER_018,doc_981.pdf,0
2026-08-06 12:15:00,USER_018,doc_508.pdf,0
2026-08-06 10:25:00,USER_018,doc_878.pdf,0
2026-08-06 12:28:00,USER_018,doc_627.pdf,0
2026-08-06 14:06:00,USER_018,doc_208.pdf,0
2026-08-06 12:02:00,USER_018,doc_347.pdf,0
2026-08-06 13:17:00,USER_018,doc_225.pdf,0
2026-08-06 11:35:00,USER_018,doc_560.pdf,0
2026-08-06 11:25:00,USER_018,doc_244.pdf,0
2026-08-06 10:08:00,USER_018,doc_151.pdf,0
2026-08-06 11:47:00,USER_018,doc_493.pdf,0
2026-08-06 14:34:00,USER_018,doc_528.pdf,0
2026-08-06 11:26:00,USER_018,doc_986.pdf,0
2026-08-06 10:40:00,USER_018,doc_933.pdf,0
2026-08-06 12:06:00,USER_018,doc_691.pdf,0
2026-08-06 11:19:00,USER_019,doc_609.pdf,0
2026-08-06 08:53:00,USER_019,doc_192.pdf,0
2026-08-06 12:03:00,USER_019,doc_617.pdf,0
2026-08-06 12:36:00,USER_019,doc_346.pdf,0
2026-08-06 10:32:00,USER_019,doc_697.pdf,0
2026-08-06 11:42:00,USER_019,doc_149.pdf,0
2026-08-06 09:07:00,USER_019,doc_388.pdf,0
2026-08-06 12:55:00,USER_019,doc_711.pdf,0
2026-08-06 14:16:00,USER_019,doc_788.pdf,0
2026-08-06 12:42:00,USER_019,doc_392.pdf,0
2026-08-06 13:16:00,USER_019,doc_108.pdf,0
2026-08-06 09:37:00,USER_019,doc_541.pdf,0
2026-08-06 09:50:00,USER_019,doc_370.pdf,0
2026-08-06 14:54:00,USER_019,doc_474.pdf,0
2026-08-06 12:08:00,USER_019,doc_474.pdf,0
2026-08-06 09:05:00,USER_019,doc_510.pdf,0
2026-08-06 09:08:00,USER_019,doc_683.pdf,0
2026-08-06 13:29:00,USER_019,doc_299.pdf,0
2026-08-06 11:47:00,USER_019,doc_666.pdf,0
2026-08-06 11:09:00,USER_019,doc_175.pdf,0
2026-08-06 12:07:00,USER_020,doc_199.pdf,0
2026-08-06 14:23:00,USER_020,doc_482.pdf,0
2026-08-06 13:55:00,USER_020,doc_671.pdf,0
2026-08-06 14:09:00,USER_020,doc_873.pdf,0
2026-08-06 12:15:00,USER_020,doc_303.pdf,0
2026-08-06 16:10:00,USER_020,doc_621.pdf,0
2026-08-06 14:27:00,USER_020,doc_612.pdf,0
2026-08-06 11:22:00,USER_020,doc_146.pdf,0
2026-08-07 13:06:00,USER_001,doc_727.pdf,0
2026-08-07 13:02:00,USER_001,doc_266.pdf,0
2026-08-07 13:40:00,USER_001,doc_731.pdf,0
2026-08-07 16:37:00,USER_001,doc_962.pdf,0
2026-08-07 12:52:00,USER_001,doc_707.pdf,0
2026-08-07 13:11:00,USER_001,doc_619.pdf,0
2026-08-07 14:39:00,USER_001,doc_645.pdf,0
2026-08-07 14:29:00,USER_001,doc_825.pdf,0
2026-08-07 15:07:00,USER_001,doc_406.pdf,0
2026-08-07 14:51:00,USER_002,doc_415.pdf,0
2026-08-07 16:04:00,USER_002,doc_993.pdf,0
2026-08-07 15:45:00,USER_002,doc_744.pdf,0
2026-08-07 10:06:00,USER_002,doc_711.pdf,0
2026-08-07 13:55:00,USER_002,doc_371.pdf,0
2026-08-07 15:28:00,USER_002,doc_901.pdf,0
2026-08-07 14:49:00,USER_002,doc_691.pdf,0
2026-08-07 11:49:00,USER_002,doc_838.pdf,0
2026-08-07 10:19:00,USER_002,doc_697.pdf,0
2026-08-07 13:58:00,USER_002,doc_274.pdf,0
2026-08-07 14:21:00,USER_002,doc_744.pdf,0
2026-08-07 16:02:00,USER_002,doc_734.pdf,0
2026-08-07 13:07:00,USER_002,doc_251.pdf,0
2026-08-07 15:41:00,USER_002,doc_348.pdf,0
2026-08-07 10:09:00,USER_002,doc_686.pdf,0
2026-08-07 15:51:00,USER_002,doc_212.pdf,0
2026-08-07 11:30:00,USER_002,doc_119.pdf,0
2026-08-07 13:38:00,USER_002,doc_421.pdf,0
2026-08-07 16:52:00,USER_003,doc_844.pdf,0
2026-08-07 11:07:00,USER_003,doc_822.pdf,0
2026-08-07 11:46:00,USER_003,doc_631.pdf,0
2026-08-07 12:22:00,USER_003,doc_674.pdf,0
2026-08-07 13:22:00,USER_003,doc_778.pdf,0
2026-08-07 14:40:00,USER_003,doc_638.pdf,0
2026-08-07 13:48:00,USER_003,doc_421.pdf,0
2026-08-07 12:04:00,USER_003,doc_570.pdf,0
2026-08-07 15:08:00,USER_003,doc_450.pdf,0
2026-08-07 15:15:00,USER_003,doc_462.pdf,0
2026-08-07 16:22:00,USER_003,doc_890.pdf,0
2026-08-07 16:45:00,USER_003,doc_797.pdf,0
2026-08-07 16:05:00,USER_003,doc_922.pdf,0
2026-08-07 16:30:00,USER_003,doc_370.pdf,0
2026-08-07 15:48:00,USER_003,doc_595.pdf,0
2026-08-07 12:14:00,USER_003,doc_352.pdf,0
2026-08-07 12:58:00,USER_003,doc_671.pdf,0
2026-08-07 13:08:00,USER_003,doc_330.pdf,0
2026-08-07 13:08:00,USER_003,doc_889.pdf,0
2026-08-07 13:03:00,USER_003,doc_821.pdf,0
2026-08-07 11:59:00,USER_004,doc_224.pdf,0
2026-08-07 14:25:00,USER_004,doc_792.pdf,0
2026-08-07 14:10:00,USER_004,doc_488.pdf,0
2026-08-07 12:54:00,USER_004,doc_938.pdf,0
2026-08-07 12:28:00,USER_004,doc_891.pdf,0
2026-08-07 10:46:00,USER_004,doc_397.pdf,0
2026-08-07 09:53:00,USER_004,doc_394.pdf,0
2026-08-07 15:37:00,USER_004,doc_180.pdf,0
2026-08-07 12:29:00,USER_004,doc_552.pdf,0
2026-08-07 15:07:00,USER_004,doc_362.pdf,0
2026-08-07 15:54:00,USER_004,doc_590.pdf,0
2026-08-07 11:21:00,USER_004,doc_306.pdf,0
2026-08-07 14:07:00,USER_004,doc_377.pdf,0
2026-08-07 10:53:00,USER_005,doc_151.pdf,0
2026-08-07 14:31:00,USER_005,doc_643.pdf,0
2026-08-07 10:44:00,USER_005,doc_753.pdf,0
2026-08-07 10:48:00,USER_005,doc_153.pdf,0
2026-08-07 09:40:00,USER_005,doc_523.pdf,0
2026-08-07 11:38:00,USER_005,doc_834.pdf,0
2026-08-07 12:50:00,USER_005,doc_202.pdf,0
2026-08-07 14:37:00,USER_005,doc_889.pdf,0
2026-08-07 09:59:00,USER_005,doc_105.pdf,0
2026-08-07 13:30:00,USER_005,doc_261.pdf,0
2026-08-07 12:17:00,USER_005,doc_768.pdf,0
2026-08-07 12:52:00,USER_005,doc_588.pdf,0
2026-08-07 15:24:00,USER_006,doc_687.pdf,0
2026-08-07 11:49:00,USER_006,doc_647.pdf,0
2026-08-07 16:09:00,USER_006,doc_840.pdf,0
2026-08-07 10:10:00,USER_006,doc_279.pdf,0
2026-08-07 13:24:00,USER_006,doc_957.pdf,0
2026-08-07 11:21:00,USER_006,doc_137.pdf,0
2026-08-07 13:14:00,USER_006,doc_906.pdf,0
2026-08-07 11:20:00,USER_007,doc_391.pdf,0
2026-08-07 12:21:00,USER_007,doc_756.pdf,0
2026-08-07 13:07:00,USER_007,doc_636.pdf,0
2026-08-07 12:41:00,USER_007,doc_237.pdf,0
2026-08-07 12:47:00,USER_007,doc_579.pdf,0
2026-08-07 10:48:00,USER_007,doc_297.pdf,0
2026-08-07 09:26:00,USER_007,doc_438.pdf,0
2026-08-07 09:52:00,USER_007,doc_848.pdf,0
2026-08-07 12:41:00,USER_008,doc_681.pdf,0
2026-08-07 15:55:00,USER_008,doc_875.pdf,0
2026-08-07 11:48:00,USER_008,doc_279.pdf,0
2026-08-07 15:22:00,USER_008,doc_976.pdf,0
2026-08-07 15:37:00,USER_008,doc_515.pdf,0
2026-08-07 13:48:00,USER_008,doc_627.pdf,0
2026-08-07 12:57:00,USER_008,doc_188.pdf,0
2026-08-07 13:35:00,USER_008,doc_785.pdf,0
2026-08-07 10:58:00,USER_008,doc_289.pdf,0
2026-08-07 11:21:00,USER_008,doc_588.pdf,0
2026-08-07 12:55:00,USER_008,doc_354.pdf,0
2026-08-07 10:13:00,USER_008,doc_367.pdf,0
2026-08-07 13:26:00,USER_008,doc_341.pdf,0
2026-08-07 13:58:00,USER_008,doc_871.pdf,0
2026-08-07 12:26:00,USER_008,doc_437.pdf,0
2026-08-07 10:04:00,USER_009,doc_783.pdf,0
2026-08-07 10:33:00,USER_009,doc_576.pdf,0
2026-08-07 12:10:00,USER_009,doc_263.pdf,0
2026-08-07 13:00:00,USER_009,doc_802.pdf,0
2026-08-07 13:50:00,USER_009,doc_820.pdf,0
2026-08-07 12:12:00,USER_009,doc_806.pdf,0
2026-08-07 10:33:00,USER_009,doc_754.pdf,0
2026-08-07 12:04:00,USER_009,doc_476.pdf,0
2026-08-07 14:47:00,USER_009,doc_326.pdf,0
2026-08-07 11:25:00,USER_009,doc_236.pdf,0
2026-08-07 13:37:00,USER_009,doc_256.pdf,0
2026-08-07 13:25:00,USER_009,doc_865.pdf,0
2026-08-07 16:12:00,USER_010,doc_650.pdf,0
2026-08-07 15:25:00,USER_010,doc_945.pdf,0
2026-08-07 11:36:00,USER_010,doc_880.pdf,0
2026-08-07 11:51:00,USER_010,doc_796.pdf,0
2026-08-07 16:11:00,USER_010,doc_710.pdf,0
2026-08-07 10:26:00,USER_010,doc_638.pdf,0
2026-08-07 13:33:00,USER_010,doc_640.pdf,0
2026-08-07 15:45:00,USER_010,doc_470.pdf,0
2026-08-07 10:24:00,USER_010,doc_677.pdf,0
2026-08-07 10:42:00,USER_010,doc_163.pdf,0
2026-08-07 14:25:00,USER_010,doc_617.pdf,0
2026-08-07 11:28:00,USER_010,doc_686.pdf,0
2026-08-07 14:19:00,USER_010,doc_253.pdf,0
2026-08-07 11:09:00,USER_010,doc_435.pdf,0
2026-08-07 14:11:00,USER_010,doc_552.pdf,0
2026-08-07 10:44:00,USER_010,doc_796.pdf,0
2026-08-07 11:30:00,USER_010,doc_834.pdf,0
2026-08-07 14:43:00,USER_010,doc_600.pdf,0
2026-08-07 10:31:00,USER_010,doc_622.pdf,0
2026-08-07 13:33:00,USER_010,doc_928.pdf,0
2026-08-07 14:57:00,USER_011,doc_926.pdf,0
2026-08-07 11:50:00,USER_011,doc_840.pdf,0
2026-08-07 09:24:00,USER_011,doc_505.pdf,0
2026-08-07 11:23:00,USER_011,doc_936.pdf,0
2026-08-07 09:14:00,USER_011,doc_863.pdf,0
2026-08-07 11:04:00,USER_011,doc_692.pdf,0
2026-08-07 09:50:00,USER_011,doc_146.pdf,0
2026-08-07 12:49:00,USER_011,doc_452.pdf,0
2026-08-07 15:11:00,USER_011,doc_165.pdf,0
2026-08-07 13:50:00,USER_011,doc_161.pdf,0
2026-08-07 09:48:00,USER_011,doc_583.pdf,0
2026-08-07 09:29:00,USER_011,doc_393.pdf,0
2026-08-07 12:42:00,USER_011,doc_284.pdf,0
2026-08-07 10:22:00,USER_011,doc_884.pdf,0
2026-08-07 14:41:00,USER_011,doc_846.pdf,0
2026-08-07 14:43:00,USER_011,doc_530.pdf,0
2026-08-07 12:24:00,USER_011,doc_491.pdf,0
2026-08-07 13:02:00,USER_011,doc_990.pdf,0
2026-08-07 12:26:00,USER_011,doc_484.pdf,0
2026-08-07 14:47:00,USER_012,doc_230.pdf,0
2026-08-07 16:29:00,USER_012,doc_328.pdf,0
2026-08-07 10:18:00,USER_012,doc_874.pdf,0
2026-08-07 10:28:00,USER_012,doc_405.pdf,0
2026-08-07 14:14:00,USER_012,doc_789.pdf,0
2026-08-07 16:25:00,USER_012,doc_657.pdf,0
2026-08-07 13:54:00,USER_012,doc_644.pdf,0
2026-08-07 13:31:00,USER_012,doc_943.pdf,0
2026-08-07 12:14:00,USER_012,doc_353.pdf,0
2026-08-07 14:12:00,USER_012,doc_454.pdf,0
2026-08-07 11:36:00,USER_012,doc_382.pdf,0
2026-08-07 11:53:00,USER_012,doc_996.pdf,0
2026-08-07 16:28:00,USER_012,doc_883.pdf,0
2026-08-07 11:14:00,USER_012,doc_132.pdf,0
2026-08-07 15:55:00,USER_012,doc_529.pdf,0
2026-08-07 15:31:00,USER_012,doc_884.pdf,0
2026-08-07 10:25:00,USER_012,doc_346.pdf,0
2026-08-07 12:43:00,USER_013,doc_858.pdf,0
2026-08-07 11:00:00,USER_013,doc_511.pdf,0
2026-08-07 14:22:00,USER_013,doc_339.pdf,0
2026-08-07 15:14:00,USER_013,doc_322.pdf,0
2026-08-07 17:04:00,USER_013,doc_984.pdf,0
2026-08-07 11:06:00,USER_013,doc_243.pdf,0
2026-08-07 10:47:00,USER_014,doc_409.pdf,0
2026-08-07 09:59:00,USER_014,doc_776.pdf,0
2026-08-07 13:12:00,USER_014,doc_326.pdf,0
2026-08-07 12:17:00,USER_014,doc_407.pdf,0
2026-08-07 11:06:00,USER_014,doc_162.pdf,0
2026-08-07 13:31:00,USER_014,doc_705.pdf,0
2026-08-07 15:02:00,USER_014,doc_279.pdf,0
2026-08-07 14:06:00,USER_014,doc_795.pdf,0
2026-08-07 12:24:00,USER_014,doc_669.pdf,0
2026-08-07 12:59:00,USER_014,doc_148.pdf,0
2026-08-07 11:42:00,USER_014,doc_758.pdf,0
2026-08-07 14:29:00,USER_014,doc_490.pdf,0
2026-08-07 13:14:00,USER_014,doc_426.pdf,0
2026-08-07 14:42:00,USER_014,doc_526.pdf,0
2026-08-07 12:15:00,USER_014,doc_252.pdf,0
2026-08-07 12:58:00,USER_015,doc_978.pdf,0
2026-08-07 16:27:00,USER_015,doc_247.pdf,0
2026-08-07 14:22:00,USER_015,doc_159.pdf,0
2026-08-07 15:12:00,USER_015,doc_522.pdf,0
2026-08-07 13:58:00,USER_015,doc_670.pdf,0
2026-08-07 14:56:00,USER_015,doc_237.pdf,0
2026-08-07 13:43:00,USER_015,doc_348.pdf,0
2026-08-07 12:35:00,USER_015,doc_308.pdf,0
2026-08-07 13:14:00,USER_015,doc_762.pdf,0
2026-08-07 11:05:00,USER_015,doc_560.pdf,0
2026-08-07 13:34:00,USER_015,doc_194.pdf,0
2026-08-07 14:59:00,USER_015,doc_841.pdf,0
2026-08-07 10:30:00,USER_016,doc_292.pdf,0
2026-08-07 16:22:00,USER_016,doc_701.pdf,0
2026-08-07 16:03:00,USER_016,doc_787.pdf,0
2026-08-07 14:39:00,USER_016,doc_322.pdf,0
2026-08-07 13:58:00,USER_016,doc_313.pdf,0
2026-08-07 12:43:00,USER_016,doc_410.pdf,0
2026-08-07 11:01:00,USER_017,doc_812.pdf,0
2026-08-07 14:06:00,USER_017,doc_820.pdf,0
2026-08-07 10:41:00,USER_017,doc_506.pdf,0
2026-08-07 10:59:00,USER_017,doc_665.pdf,0
2026-08-07 11:41:00,USER_017,doc_894.pdf,0
2026-08-07 11:21:00,USER_017,doc_489.pdf,0
2026-08-07 12:55:00,USER_017,doc_646.pdf,0
2026-08-07 14:29:00,USER_017,doc_467.pdf,0
2026-08-07 11:34:00,USER_017,doc_367.pdf,0
2026-08-07 12:01:00,USER_017,doc_625.pdf,0
2026-08-07 13:11:00,USER_017,doc_577.pdf,0
2026-08-07 09:47:00,USER_017,doc_922.pdf,0
2026-08-07 15:06:00,USER_017,doc_580.pdf,0
2026-08-07 15:26:00,USER_017,doc_959.pdf,0
2026-08-07 11:40:00,USER_017,doc_308.pdf,0
2026-08-07 12:06:00,USER_017,doc_420.pdf,0
2026-08-07 12:28:00,USER_017,doc_146.pdf,0
2026-08-07 13:45:00,USER_017,doc_984.pdf,0
2026-08-07 10:50:00,USER_017,doc_859.pdf,0
2026-08-07 10:11:00,USER_017,doc_116.pdf,0
2026-08-07 12:36:00,USER_018,doc_683.pdf,0
2026-08-07 11:27:00,USER_018,doc_611.pdf,0
2026-08-07 14:03:00,USER_018,doc_770.pdf,0
2026-08-07 15:12:00,USER_018,doc_445.pdf,0
2026-08-07 11:33:00,USER_018,doc_881.pdf,0
2026-08-07 13:32:00,USER_018,doc_840.pdf,0
2026-08-07 14:50:00,USER_018,doc_857.pdf,0
2026-08-07 13:33:00,USER_018,doc_571.pdf,0
2026-08-07 10:48:00,USER_018,doc_850.pdf,0
2026-08-07 12:22:00,USER_018,doc_273.pdf,0
2026-08-07 10:33:00,USER_018,doc_837.pdf,0
2026-08-07 14:01:00,USER_018,doc_600.pdf,0
2026-08-07 16:45:00,USER_019,doc_149.pdf,0
2026-08-07 11:06:00,USER_019,doc_522.pdf,0
2026-08-07 12:13:00,USER_019,doc_962.pdf,0
2026-08-07 16:25:00,USER_019,doc_336.pdf,0
2026-08-07 11:37:00,USER_019,doc_824.pdf,0
2026-08-07 12:20:00,USER_019,doc_109.pdf,0
2026-08-07 12:54:00,USER_019,doc_617.pdf,0
2026-08-07 16:29:00,USER_020,doc_599.pdf,0
2026-08-07 11:00:00,USER_020,doc_106.pdf,0
2026-08-07 15:24:00,USER_020,doc_664.pdf,0
2026-08-07 14:22:00,USER_020,doc_112.pdf,0
2026-08-07 11:00:00,USER_020,doc_642.pdf,0
2026-08-07 17:01:00,USER_020,doc_381.pdf,0
2026-08-07 15:26:00,USER_020,doc_393.pdf,0
2026-08-07 11:00:00,USER_020,doc_614.pdf,0
2026-08-07 16:49:00,USER_020,doc_790.pdf,0
2026-08-07 14:32:00,USER_020,doc_925.pdf,0
2026-08-07 12:23:00,USER_020,doc_209.pdf,0
2026-08-07 11:41:00,USER_020,doc_636.pdf,0
2026-08-07 12:08:00,USER_020,doc_346.pdf,0
2026-08-07 12:30:00,USER_020,doc_734.pdf,0
2026-08-07 15:21:00,USER_020,doc_358.pdf,0
2026-08-07 13:53:00,USER_020,doc_373.pdf,0
2026-08-07 14:15:00,USER_020,doc_180.pdf,0
2026-08-07 14:03:00,USER_020,doc_515.pdf,0
2026-08-07 14:47:00,USER_020,doc_678.pdf,0
2026-08-07 12:56:00,USER_020,doc_813.pdf,0
2026-08-08 14:11:00,USER_008,doc_903.pdf,0
2026-08-08 11:30:00,USER_008,doc_679.pdf,0
2026-08-08 09:29:00,USER_008,doc_640.pdf,0
2026-08-08 09:02:00,USER_008,doc_335.pdf,0
2026-08-08 10:29:00,USER_008,doc_988.pdf,0
2026-08-08 14:35:00,USER_008,doc_680.pdf,0
2026-08-08 12:44:00,USER_008,doc_377.pdf,0
2026-08-08 09:04:00,USER_008,doc_176.pdf,0
2026-08-08 14:31:00,USER_008,doc_387.pdf,0
2026-08-08 13:19:00,USER_008,doc_677.pdf,0
2026-08-08 14:17:00,USER_008,doc_133.pdf,0
2026-08-08 10:12:00,USER_008,doc_970.pdf,0
2026-08-08 11:22:00,USER_008,doc_116.pdf,0
2026-08-08 10:27:00,USER_008,doc_701.pdf,0
2026-08-08 09:54:00,USER_008,doc_870.pdf,0
2026-08-08 14:45:00,USER_008,doc_940.pdf,0
2026-08-08 12:04:00,USER_008,doc_178.pdf,0
2026-08-08 11:14:00,USER_008,doc_266.pdf,0
2026-08-10 14:01:00,USER_001,doc_209.pdf,0
2026-08-10 11:43:00,USER_001,doc_105.pdf,0
2026-08-10 13:34:00,USER_001,doc_555.pdf,0
2026-08-10 14:01:00,USER_001,doc_879.pdf,0
2026-08-10 13:15:00,USER_001,doc_204.pdf,0
2026-08-10 12:04:00,USER_001,doc_189.pdf,0
2026-08-10 12:32:00,USER_001,doc_541.pdf,0
2026-08-10 14:46:00,USER_001,doc_670.pdf,0
2026-08-10 15:41:00,USER_001,doc_624.pdf,0
2026-08-10 14:25:00,USER_001,doc_205.pdf,0
2026-08-10 11:10:00,USER_001,doc_191.pdf,0
2026-08-10 13:58:00,USER_001,doc_667.pdf,0
2026-08-10 11:44:00,USER_001,doc_711.pdf,0
2026-08-10 16:03:00,USER_001,doc_903.pdf,0
2026-08-10 13:43:00,USER_001,doc_984.pdf,0
2026-08-10 14:51:00,USER_002,doc_633.pdf,0
2026-08-10 11:25:00,USER_002,doc_801.pdf,0
2026-08-10 13:13:00,USER_002,doc_273.pdf,0
2026-08-10 11:10:00,USER_002,doc_375.pdf,0
2026-08-10 12:33:00,USER_002,doc_374.pdf,0
2026-08-10 14:11:00,USER_002,doc_249.pdf,0
2026-08-10 10:31:00,USER_002,doc_271.pdf,0
2026-08-10 13:41:00,USER_002,doc_382.pdf,0
2026-08-10 13:34:00,USER_002,doc_406.pdf,0
2026-08-10 14:06:00,USER_002,doc_901.pdf,0
2026-08-10 10:38:00,USER_002,doc_469.pdf,0
2026-08-10 12:07:00,USER_002,doc_352.pdf,0
2026-08-10 11:31:00,USER_003,doc_411.pdf,0
2026-08-10 10:25:00,USER_003,doc_505.pdf,0
2026-08-10 13:12:00,USER_003,doc_961.pdf,0
2026-08-10 15:39:00,USER_003,doc_489.pdf,0
2026-08-10 13:10:00,USER_003,doc_550.pdf,0
2026-08-10 13:13:00,USER_003,doc_540.pdf,0
2026-08-10 15:55:00,USER_003,doc_708.pdf,0
2026-08-10 11:31:00,USER_003,doc_407.pdf,0
2026-08-10 11:50:00,USER_004,doc_852.pdf,0
2026-08-10 15:16:00,USER_004,doc_748.pdf,0
2026-08-10 13:32:00,USER_004,doc_689.pdf,0
2026-08-10 11:25:00,USER_004,doc_433.pdf,0
2026-08-10 12:33:00,USER_004,doc_387.pdf,0
2026-08-10 12:42:00,USER_004,doc_473.pdf,0
2026-08-10 10:19:00,USER_004,doc_677.pdf,0
2026-08-10 11:03:00,USER_004,doc_706.pdf,0
2026-08-10 14:00:00,USER_004,doc_284.pdf,0
2026-08-10 15:10:00,USER_004,doc_886.pdf,0
2026-08-10 14:02:00,USER_004,doc_127.pdf,0
2026-08-10 15:33:00,USER_004,doc_572.pdf,0
2026-08-10 15:23:00,USER_004,doc_314.pdf,0
2026-08-10 13:05:00,USER_004,doc_916.pdf,0
2026-08-10 11:50:00,USER_004,doc_951.pdf,0
2026-08-10 12:21:00,USER_005,doc_358.pdf,0
2026-08-10 15:55:00,USER_005,doc_257.pdf,0
2026-08-10 16:24:00,USER_005,doc_533.pdf,0
2026-08-10 13:31:00,USER_005,doc_175.pdf,0
2026-08-10 14:07:00,USER_005,doc_712.pdf,0
2026-08-10 14:23:00,USER_005,doc_696.pdf,0
2026-08-10 13:43:00,USER_005,doc_647.pdf,0
2026-08-10 14:37:00,USER_005,doc_990.pdf,0
2026-08-10 16:12:00,USER_005,doc_528.pdf,0
2026-08-10 14:56:00,USER_005,doc_137.pdf,0
2026-08-10 13:22:00,USER_005,doc_818.pdf,0
2026-08-10 14:52:00,USER_005,doc_708.pdf,0
2026-08-10 15:44:00,USER_005,doc_187.pdf,0
2026-08-10 11:13:00,USER_005,doc_887.pdf,0
2026-08-10 15:14:00,USER_006,doc_439.pdf,0
2026-08-10 12:29:00,USER_006,doc_208.pdf,0
2026-08-10 08:54:00,USER_006,doc_200.pdf,0
2026-08-10 11:01:00,USER_006,doc_327.pdf,0
2026-08-10 13:10:00,USER_006,doc_864.pdf,0
2026-08-10 13:14:00,USER_006,doc_671.pdf,0
2026-08-10 13:46:00,USER_006,doc_804.pdf,0
2026-08-10 13:43:00,USER_006,doc_326.pdf,0
2026-08-10 12:37:00,USER_006,doc_483.pdf,0
2026-08-10 12:09:00,USER_006,doc_574.pdf,0
2026-08-10 14:36:00,USER_006,doc_702.pdf,0
2026-08-10 14:42:00,USER_006,doc_612.pdf,0
2026-08-10 10:06:00,USER_006,doc_453.pdf,0
2026-08-10 09:01:00,USER_006,doc_594.pdf,0
2026-08-10 09:42:00,USER_006,doc_402.pdf,0
2026-08-10 12:21:00,USER_006,doc_187.pdf,0
2026-08-10 09:48:00,USER_006,doc_951.pdf,0
2026-08-10 13:57:00,USER_007,doc_594.pdf,0
2026-08-10 12:29:00,USER_007,doc_587.pdf,0
2026-08-10 10:20:00,USER_007,doc_548.pdf,0
2026-08-10 15:40:00,USER_007,doc_813.pdf,0
2026-08-10 13:22:00,USER_007,doc_426.pdf,0
2026-08-10 10:05:00,USER_007,doc_407.pdf,0
2026-08-10 09:53:00,USER_007,doc_929.pdf,0
2026-08-10 15:34:00,USER_007,doc_217.pdf,0
2026-08-10 09:42:00,USER_007,doc_969.pdf,0
2026-08-10 12:26:00,USER_007,doc_763.pdf,0
2026-08-10 10:26:00,USER_007,doc_793.pdf,0
2026-08-10 15:31:00,USER_008,doc_536.pdf,0
2026-08-10 14:41:00,USER_008,doc_337.pdf,0
2026-08-10 14:12:00,USER_008,doc_744.pdf,0
2026-08-10 12:19:00,USER_008,doc_290.pdf,0
2026-08-10 16:12:00,USER_008,doc_773.pdf,0
2026-08-10 14:26:00,USER_008,doc_505.pdf,0
2026-08-10 10:59:00,USER_008,doc_855.pdf,0
2026-08-10 15:59:00,USER_008,doc_302.pdf,0
2026-08-10 14:35:00,USER_008,doc_706.pdf,0
2026-08-10 14:24:00,USER_008,doc_498.pdf,0
2026-08-10 10:47:00,USER_008,doc_821.pdf,0
2026-08-10 12:34:00,USER_008,doc_310.pdf,0
2026-08-10 13:07:00,USER_008,doc_870.pdf,0
2026-08-10 16:45:00,USER_008,doc_928.pdf,0
2026-08-10 11:17:00,USER_008,doc_691.pdf,0
2026-08-10 11:36:00,USER_009,doc_786.pdf,0
2026-08-10 13:32:00,USER_009,doc_640.pdf,0
2026-08-10 14:49:00,USER_009,doc_420.pdf,0
2026-08-10 14:27:00,USER_009,doc_497.pdf,0
2026-08-10 14:34:00,USER_009,doc_501.pdf,0
2026-08-10 14:22:00,USER_009,doc_216.pdf,0
2026-08-10 12:20:00,USER_009,doc_460.pdf,0
2026-08-10 13:16:00,USER_009,doc_732.pdf,0
2026-08-10 12:55:00,USER_010,doc_220.pdf,0
2026-08-10 12:17:00,USER_010,doc_412.pdf,0
2026-08-10 11:14:00,USER_010,doc_287.pdf,0
2026-08-10 13:26:00,USER_010,doc_810.pdf,0
2026-08-10 11:27:00,USER_010,doc_623.pdf,0
2026-08-10 13:33:00,USER_010,doc_528.pdf,0
2026-08-10 15:20:00,USER_010,doc_241.pdf,0
2026-08-10 15:09:00,USER_010,doc_492.pdf,0
2026-08-10 13:51:00,USER_010,doc_290.pdf,0
2026-08-10 12:16:00,USER_011,doc_422.pdf,0
2026-08-10 14:31:00,USER_011,doc_734.pdf,0
2026-08-10 11:08:00,USER_011,doc_986.pdf,0
2026-08-10 13:44:00,USER_011,doc_109.pdf,0
2026-08-10 14:49:00,USER_011,doc_239.pdf,0
2026-08-10 12:20:00,USER_011,doc_934.pdf,0
2026-08-10 13:57:00,USER_011,doc_675.pdf,0
2026-08-10 14:59:00,USER_011,doc_768.pdf,0
2026-08-10 14:54:00,USER_011,doc_518.pdf,0
2026-08-10 15:30:00,USER_012,doc_131.pdf,0
2026-08-10 17:10:00,USER_012,doc_325.pdf,0
2026-08-10 13:10:00,USER_012,doc_133.pdf,0
2026-08-10 13:01:00,USER_012,doc_330.pdf,0
2026-08-10 15:16:00,USER_012,doc_395.pdf,0
2026-08-10 12:07:00,USER_012,doc_899.pdf,0
2026-08-10 14:35:00,USER_012,doc_679.pdf,0
2026-08-10 12:34:00,USER_013,doc_893.pdf,0
2026-08-10 14:55:00,USER_013,doc_943.pdf,0
2026-08-10 13:24:00,USER_013,doc_655.pdf,0
2026-08-10 16:44:00,USER_013,doc_142.pdf,0
2026-08-10 16:46:00,USER_013,doc_836.pdf,0
2026-08-10 14:02:00,USER_013,doc_659.pdf,0
2026-08-10 12:08:00,USER_013,doc_535.pdf,0
2026-08-10 11:09:00,USER_013,doc_853.pdf,0
2026-08-10 10:22:00,USER_014,doc_549.pdf,0
2026-08-10 10:38:00,USER_014,doc_894.pdf,0
2026-08-10 11:39:00,USER_014,doc_314.pdf,0
2026-08-10 15:55:00,USER_014,doc_702.pdf,0
2026-08-10 15:30:00,USER_014,doc_459.pdf,0
2026-08-10 15:41:00,USER_014,doc_724.pdf,0
2026-08-10 15:01:00,USER_014,doc_538.pdf,0
2026-08-10 11:02:00,USER_014,doc_730.pdf,0
2026-08-10 10:49:00,USER_014,doc_903.pdf,0
2026-08-10 11:23:00,USER_014,doc_933.pdf,0
2026-08-10 11:23:00,USER_014,doc_924.pdf,0
2026-08-10 10:08:00,USER_014,doc_683.pdf,0
2026-08-10 12:37:00,USER_014,doc_645.pdf,0
2026-08-10 12:01:00,USER_014,doc_711.pdf,0
2026-08-10 14:13:00,USER_014,doc_272.pdf,0
2026-08-10 12:23:00,USER_014,doc_820.pdf,0
2026-08-10 17:26:00,USER_015,doc_904.pdf,0
2026-08-10 14:32:00,USER_015,doc_160.pdf,0
2026-08-10 13:23:00,USER_015,doc_987.pdf,0
2026-08-10 16:37:00,USER_015,doc_229.pdf,0
2026-08-10 17:01:00,USER_015,doc_986.pdf,0
2026-08-10 12:09:00,USER_015,doc_355.pdf,0
2026-08-10 12:16:00,USER_015,doc_828.pdf,0
2026-08-10 13:46:00,USER_015,doc_948.pdf,0
2026-08-10 13:08:00,USER_015,doc_879.pdf,0
2026-08-10 15:07:00,USER_016,doc_524.pdf,0
2026-08-10 12:58:00,USER_016,doc_562.pdf,0
2026-08-10 10:24:00,USER_016,doc_748.pdf,0
2026-08-10 10:33:00,USER_016,doc_512.pdf,0
2026-08-10 14:09:00,USER_016,doc_867.pdf,0
2026-08-10 12:08:00,USER_016,doc_811.pdf,0
2026-08-10 12:54:00,USER_016,doc_565.pdf,0
2026-08-10 13:55:00,USER_016,doc_435.pdf,0
2026-08-10 14:43:00,USER_016,doc_102.pdf,0
2026-08-10 16:01:00,USER_016,doc_195.pdf,0
2026-08-10 16:00:00,USER_016,doc_569.pdf,0
2026-08-10 15:11:00,USER_016,doc_780.pdf,0
2026-08-10 15:43:00,USER_016,doc_466.pdf,0
2026-08-10 11:19:00,USER_017,doc_430.pdf,0
2026-08-10 11:27:00,USER_017,doc_445.pdf,0
2026-08-10 13:42:00,USER_017,doc_691.pdf,0
2026-08-10 10:08:00,USER_017,doc_679.pdf,0
2026-08-10 13:10:00,USER_017,doc_907.pdf,0
2026-08-10 11:57:00,USER_017,doc_798.pdf,0
2026-08-10 15:32:00,USER_017,doc_149.pdf,0
2026-08-10 09:25:00,USER_017,doc_201.pdf,0
2026-08-10 14:22:00,USER_017,doc_902.pdf,0
2026-08-10 12:57:00,USER_017,doc_116.pdf,0
2026-08-10 10:05:00,USER_017,doc_978.pdf,0
2026-08-10 10:22:00,USER_017,doc_551.pdf,0
2026-08-10 12:55:00,USER_017,doc_100.pdf,0
2026-08-10 12:41:00,USER_017,doc_307.pdf,0
2026-08-10 14:54:00,USER_017,doc_235.pdf,0
2026-08-10 14:34:00,USER_017,doc_409.pdf,0
2026-08-10 10:23:00,USER_017,doc_995.pdf,0
2026-08-10 11:22:00,USER_017,doc_195.pdf,0
2026-08-10 14:37:00,USER_017,doc_469.pdf,0
2026-08-10 11:10:00,USER_017,doc_184.pdf,0
2026-08-10 12:29:00,USER_018,doc_771.pdf,0
2026-08-10 09:36:00,USER_018,doc_820.pdf,0
2026-08-10 09:38:00,USER_018,doc_101.pdf,0
2026-08-10 10:39:00,USER_018,doc_588.pdf,0
2026-08-10 09:29:00,USER_018,doc_235.pdf,0
2026-08-10 13:53:00,USER_018,doc_331.pdf,0
2026-08-10 13:15:00,USER_018,doc_796.pdf,0
2026-08-10 12:37:00,USER_018,doc_109.pdf,0
2026-08-10 08:54:00,USER_018,doc_812.pdf,0
2026-08-10 11:45:00,USER_018,doc_936.pdf,0
2026-08-10 09:51:00,USER_018,doc_980.pdf,0
2026-08-10 12:26:00,USER_018,doc_810.pdf,0
2026-08-10 10:48:00,USER_019,doc_420.pdf,0
2026-08-10 13:04:00,USER_019,doc_406.pdf,0
2026-08-10 11:06:00,USER_019,doc_491.pdf,0
2026-08-10 16:21:00,USER_019,doc_995.pdf,0
2026-08-10 11:04:00,USER_019,doc_756.pdf,0
2026-08-10 15:42:00,USER_019,doc_246.pdf,0
2026-08-10 10:31:00,USER_019,doc_643.pdf,0
2026-08-10 14:44:00,USER_019,doc_108.pdf,0
2026-08-10 13:26:00,USER_020,doc_730.pdf,0
2026-08-10 15:47:00,USER_020,doc_553.pdf,0
2026-08-10 11:47:00,USER_020,doc_188.pdf,0
2026-08-10 10:47:00,USER_020,doc_243.pdf,0
2026-08-10 16:21:00,USER_020,doc_226.pdf,0
2026-08-10 14:57:00,USER_020,doc_847.pdf,0
2026-08-10 13:12:00,USER_020,doc_459.pdf,0
2026-08-10 13:35:00,USER_020,doc_422.pdf,0
2026-08-10 11:07:00,USER_020,doc_353.pdf,0
2026-08-11 14:41:00,USER_001,doc_127.pdf,0
2026-08-11 14:25:00,USER_001,doc_996.pdf,0
2026-08-11 11:22:00,USER_001,doc_310.pdf,0
2026-08-11 13:13:00,USER_001,doc_721.pdf,0
2026-08-11 13:08:00,USER_001,doc_293.pdf,0
2026-08-11 15:10:00,USER_001,doc_501.pdf,0
2026-08-11 11:19:00,USER_001,doc_761.pdf,0
2026-08-11 09:15:00,USER_001,doc_902.pdf,0
2026-08-11 10:50:00,USER_001,doc_606.pdf,0
2026-08-11 12:05:00,USER_001,doc_215.pdf,0
2026-08-11 10:51:00,USER_001,doc_611.pdf,0
2026-08-11 14:14:00,USER_001,doc_708.pdf,0
2026-08-11 09:24:00,USER_001,doc_640.pdf,0
2026-08-11 08:54:00,USER_001,doc_469.pdf,0
2026-08-11 16:06:00,USER_002,doc_582.pdf,0
2026-08-11 10:13:00,USER_002,doc_117.pdf,0
2026-08-11 14:36:00,USER_002,doc_169.pdf,0
2026-08-11 09:43:00,USER_002,doc_368.pdf,0
2026-08-11 11:26:00,USER_002,doc_140.pdf,0
2026-08-11 10:06:00,USER_002,doc_908.pdf,0
2026-08-11 12:59:00,USER_002,doc_618.pdf,0
2026-08-11 12:02:00,USER_002,doc_743.pdf,0
2026-08-11 15:40:00,USER_002,doc_613.pdf,0
2026-08-11 13:08:00,USER_002,doc_533.pdf,0
2026-08-11 13:06:00,USER_003,doc_185.pdf,0
2026-08-11 13:22:00,USER_003,doc_180.pdf,0
2026-08-11 15:05:00,USER_003,doc_308.pdf,0
2026-08-11 12:03:00,USER_003,doc_649.pdf,0
2026-08-11 13:31:00,USER_003,doc_500.pdf,0
2026-08-11 15:44:00,USER_003,doc_749.pdf,0
2026-08-11 17:14:00,USER_003,doc_954.pdf,0
2026-08-11 16:16:00,USER_003,doc_797.pdf,0
2026-08-11 16:13:00,USER_003,doc_167.pdf,0
2026-08-11 13:55:00,USER_004,doc_218.pdf,0
2026-08-11 14:05:00,USER_004,doc_726.pdf,0
2026-08-11 15:24:00,USER_004,doc_156.pdf,0
2026-08-11 12:51:00,USER_004,doc_782.pdf,0
2026-08-11 16:32:00,USER_004,doc_773.pdf,0
2026-08-11 16:32:00,USER_004,doc_279.pdf,0
2026-08-11 11:14:00,USER_004,doc_112.pdf,0
2026-08-11 09:57:00,USER_005,doc_480.pdf,0
2026-08-11 09:36:00,USER_005,doc_867.pdf,0
2026-08-11 10:49:00,USER_005,doc_850.pdf,0
2026-08-11 09:32:00,USER_005,doc_889.pdf,0
2026-08-11 08:47:00,USER_005,doc_443.pdf,0
2026-08-11 12:11:00,USER_005,doc_378.pdf,0
2026-08-11 13:00:00,USER_005,doc_165.pdf,0
2026-08-11 10:46:00,USER_005,doc_829.pdf,0
2026-08-11 13:27:00,USER_005,doc_742.pdf,0
2026-08-11 09:11:00,USER_005,doc_608.pdf,0
2026-08-11 12:25:00,USER_005,doc_623.pdf,0
2026-08-11 11:36:00,USER_005,doc_156.pdf,0
2026-08-11 12:47:00,USER_005,doc_979.pdf,0
2026-08-11 10:55:00,USER_006,doc_858.pdf,0
2026-08-11 13:19:00,USER_006,doc_102.pdf,0
2026-08-11 09:21:00,USER_006,doc_979.pdf,0
2026-08-11 09:05:00,USER_006,doc_350.pdf,0
2026-08-11 09:22:00,USER_006,doc_583.pdf,0
2026-08-11 12:05:00,USER_006,doc_492.pdf,0
2026-08-11 10:15:00,USER_006,doc_283.pdf,0
2026-08-11 09:17:00,USER_006,doc_666.pdf,0
2026-08-11 10:43:00,USER_007,doc_945.pdf,0
2026-08-11 09:04:00,USER_007,doc_685.pdf,0
2026-08-11 11:35:00,USER_007,doc_222.pdf,0
2026-08-11 12:42:00,USER_007,doc_789.pdf,0
2026-08-11 08:51:00,USER_007,doc_283.pdf,0
2026-08-11 10:19:00,USER_007,doc_923.pdf,0
2026-08-11 12:49:00,USER_007,doc_147.pdf,0
2026-08-11 11:50:00,USER_007,doc_170.pdf,0
2026-08-11 12:23:00,USER_007,doc_986.pdf,0
2026-08-11 10:49:00,USER_007,doc_892.pdf,0
2026-08-11 11:04:00,USER_007,doc_435.pdf,0
2026-08-11 09:09:00,USER_007,doc_666.pdf,0
2026-08-11 12:18:00,USER_007,doc_108.pdf,0
2026-08-11 11:33:00,USER_007,doc_305.pdf,0
2026-08-11 10:54:00,USER_007,doc_677.pdf,0
2026-08-11 16:02:00,USER_008,doc_659.pdf,0
2026-08-11 16:16:00,USER_008,doc_915.pdf,0
2026-08-11 11:52:00,USER_008,doc_254.pdf,0
2026-08-11 09:50:00,USER_008,doc_519.pdf,0
2026-08-11 09:59:00,USER_008,doc_338.pdf,0
2026-08-11 14:24:00,USER_008,doc_454.pdf,0
2026-08-11 15:12:00,USER_008,doc_959.pdf,0
2026-08-11 15:42:00,USER_008,doc_998.pdf,0
2026-08-11 09:51:00,USER_008,doc_443.pdf,0
2026-08-11 09:47:00,USER_008,doc_877.pdf,0
2026-08-11 15:23:00,USER_008,doc_485.pdf,0
2026-08-11 12:54:00,USER_009,doc_161.pdf,0
2026-08-11 09:55:00,USER_009,doc_828.pdf,0
2026-08-11 11:06:00,USER_009,doc_195.pdf,0
2026-08-11 09:05:00,USER_009,doc_337.pdf,0
2026-08-11 13:09:00,USER_009,doc_522.pdf,0
2026-08-11 14:41:00,USER_009,doc_481.pdf,0
2026-08-11 12:37:00,USER_009,doc_865.pdf,0
2026-08-11 09:26:00,USER_009,doc_694.pdf,0
2026-08-11 09:31:00,USER_009,doc_617.pdf,0
2026-08-11 09:51:00,USER_009,doc_752.pdf,0
2026-08-11 12:04:00,USER_009,doc_176.pdf,0
2026-08-11 13:46:00,USER_009,doc_681.pdf,0
2026-08-11 09:14:00,USER_009,doc_545.pdf,0
2026-08-11 14:22:00,USER_009,doc_233.pdf,0
2026-08-11 10:44:00,USER_009,doc_398.pdf,0
2026-08-11 10:56:00,USER_009,doc_971.pdf,0
2026-08-11 11:24:00,USER_009,doc_920.pdf,0
2026-08-11 12:04:00,USER_009,doc_817.pdf,0
2026-08-11 11:10:00,USER_010,doc_239.pdf,0
2026-08-11 14:26:00,USER_010,doc_211.pdf,0
2026-08-11 10:46:00,USER_010,doc_208.pdf,0
2026-08-11 10:51:00,USER_010,doc_560.pdf,0
2026-08-11 13:25:00,USER_010,doc_421.pdf,0
2026-08-11 12:55:00,USER_010,doc_223.pdf,0
2026-08-11 14:01:00,USER_010,doc_466.pdf,0
2026-08-11 10:25:00,USER_011,doc_261.pdf,0
2026-08-11 15:30:00,USER_011,doc_411.pdf,0
2026-08-11 15:39:00,USER_011,doc_813.pdf,0
2026-08-11 14:47:00,USER_011,doc_141.pdf,0
2026-08-11 11:29:00,USER_011,doc_955.pdf,0
2026-08-11 12:26:00,USER_011,doc_251.pdf,0
2026-08-11 10:25:00,USER_011,doc_828.pdf,0
2026-08-11 11:46:00,USER_011,doc_464.pdf,0
2026-08-11 10:41:00,USER_012,doc_514.pdf,0
2026-08-11 14:17:00,USER_012,doc_669.pdf,0
2026-08-11 16:49:00,USER_012,doc_663.pdf,0
2026-08-11 12:33:00,USER_012,doc_196.pdf,0
2026-08-11 14:22:00,USER_012,doc_204.pdf,0
2026-08-11 11:37:00,USER_012,doc_224.pdf,0
2026-08-11 10:32:00,USER_012,doc_163.pdf,0
2026-08-11 12:19:00,USER_012,doc_233.pdf,0
2026-08-11 12:07:00,USER_012,doc_943.pdf,0
2026-08-11 13:51:00,USER_012,doc_481.pdf,0
2026-08-11 10:37:00,USER_013,doc_166.pdf,0
2026-08-11 12:07:00,USER_013,doc_761.pdf,0
2026-08-11 14:13:00,USER_013,doc_928.pdf,0
2026-08-11 11:31:00,USER_013,doc_194.pdf,0
2026-08-11 13:15:00,USER_013,doc_225.pdf,0
2026-08-11 10:47:00,USER_013,doc_572.pdf,0
2026-08-11 10:51:00,USER_013,doc_272.pdf,0
2026-08-11 16:30:00,USER_014,doc_536.pdf,0
2026-08-11 12:09:00,USER_014,doc_462.pdf,0
2026-08-11 12:30:00,USER_014,doc_291.pdf,0
2026-08-11 13:01:00,USER_014,doc_386.pdf,0
2026-08-11 14:29:00,USER_014,doc_252.pdf,0
2026-08-11 10:58:00,USER_014,doc_728.pdf,0
2026-08-11 15:58:00,USER_014,doc_731.pdf,0
2026-08-11 12:46:00,USER_014,doc_762.pdf,0
2026-08-11 13:12:00,USER_014,doc_610.pdf,0
2026-08-11 14:11:00,USER_014,doc_663.pdf,0
2026-08-11 14:46:00,USER_014,doc_162.pdf,0
2026-08-11 11:25:00,USER_014,doc_386.pdf,0
2026-08-11 13:57:00,USER_014,doc_240.pdf,0
2026-08-11 14:15:00,USER_014,doc_304.pdf,0
2026-08-11 16:10:00,USER_014,doc_916.pdf,0
2026-08-11 15:10:00,USER_014,doc_355.pdf,0
2026-08-11 16:03:00,USER_014,doc_921.pdf,0
2026-08-11 12:28:00,USER_015,doc_679.pdf,0
2026-08-11 13:49:00,USER_015,doc_429.pdf,0
2026-08-11 12:50:00,USER_015,doc_376.pdf,0
2026-08-11 11:04:00,USER_015,doc_126.pdf,0
2026-08-11 12:15:00,USER_015,doc_711.pdf,0
2026-08-11 11:24:00,USER_015,doc_130.pdf,0
2026-08-11 11:55:00,USER_015,doc_159.pdf,0
2026-08-11 13:33:00,USER_015,doc_642.pdf,0
2026-08-11 12:35:00,USER_015,doc_885.pdf,0
2026-08-11 14:31:00,USER_015,doc_338.pdf,0
2026-08-11 10:53:00,USER_015,doc_202.pdf,0
2026-08-11 11:38:00,USER_015,doc_772.pdf,0
2026-08-11 11:35:00,USER_015,doc_372.pdf,0
2026-08-11 14:05:00,USER_015,doc_935.pdf,0
2026-08-11 15:49:00,USER_015,doc_157.pdf,0
2026-08-11 11:24:00,USER_015,doc_689.pdf,0
2026-08-11 12:50:00,USER_015,doc_463.pdf,0
2026-08-11 11:00:00,USER_015,doc_280.pdf,0
2026-08-11 11:33:00,USER_015,doc_706.pdf,0
2026-08-11 12:14:00,USER_015,doc_925.pdf,0
2026-08-11 15:45:00,USER_016,doc_677.pdf,0
2026-08-11 12:07:00,USER_016,doc_676.pdf,0
2026-08-11 12:31:00,USER_016,doc_956.pdf,0
2026-08-11 15:07:00,USER_016,doc_655.pdf,0
2026-08-11 13:33:00,USER_016,doc_279.pdf,0
2026-08-11 15:06:00,USER_016,doc_138.pdf,0
2026-08-11 11:41:00,USER_016,doc_157.pdf,0
2026-08-11 12:54:00,USER_016,doc_716.pdf,0
2026-08-11 12:47:00,USER_016,doc_120.pdf,0
2026-08-11 15:24:00,USER_016,doc_589.pdf,0
2026-08-11 10:55:00,USER_016,doc_439.pdf,0
2026-08-11 16:09:00,USER_016,doc_306.pdf,0
2026-08-11 12:01:00,USER_016,doc_448.pdf,0
2026-08-11 17:02:00,USER_016,doc_281.pdf,0
2026-08-11 13:40:00,USER_016,doc_160.pdf,0
2026-08-11 11:06:00,USER_016,doc_251.pdf,0
2026-08-11 12:16:00,USER_017,doc_821.pdf,0
2026-08-11 14:44:00,USER_017,doc_505.pdf,0
2026-08-11 14:05:00,USER_017,doc_203.pdf,0
2026-08-11 11:57:00,USER_017,doc_409.pdf,0
2026-08-11 11:50:00,USER_017,doc_239.pdf,0
2026-08-11 10:25:00,USER_017,doc_849.pdf,0
2026-08-11 12:48:00,USER_017,doc_910.pdf,0
2026-08-11 12:15:00,USER_018,doc_781.pdf,0
2026-08-11 15:22:00,USER_018,doc_934.pdf,0
2026-08-11 11:50:00,USER_018,doc_487.pdf,0
2026-08-11 12:58:00,USER_018,doc_851.pdf,0
2026-08-11 16:13:00,USER_018,doc_401.pdf,0
2026-08-11 11:26:00,USER_018,doc_281.pdf,0
2026-08-11 16:34:00,USER_018,doc_101.pdf,0
2026-08-11 16:20:00,USER_018,doc_686.pdf,0
2026-08-11 13:41:00,USER_018,doc_971.pdf,0
2026-08-11 15:11:00,USER_018,doc_133.pdf,0
2026-08-11 11:54:00,USER_018,doc_716.pdf,0
2026-08-11 13:03:00,USER_018,doc_928.pdf,0
2026-08-11 15:34:00,USER_018,doc_326.pdf,0
2026-08-11 15:48:00,USER_018,doc_679.pdf,0
2026-08-11 11:14:00,USER_018,doc_608.pdf,0
2026-08-11 11:33:00,USER_018,doc_439.pdf,0
2026-08-11 15:22:00,USER_019,doc_786.pdf,0
2026-08-11 14:47:00,USER_019,doc_846.pdf,0
2026-08-11 12:11:00,USER_019,doc_557.pdf,0
2026-08-11 09:25:00,USER_019,doc_371.pdf,0
2026-08-11 11:07:00,USER_019,doc_355.pdf,0
2026-08-11 15:14:00,USER_019,doc_169.pdf,0
2026-08-11 12:19:00,USER_019,doc_362.pdf,0
2026-08-11 10:03:00,USER_020,doc_523.pdf,0
2026-08-11 12:50:00,USER_020,doc_487.pdf,0
2026-08-11 11:37:00,USER_020,doc_659.pdf,0
2026-08-11 11:50:00,USER_020,doc_203.pdf,0
2026-08-11 12:43:00,USER_020,doc_907.pdf,0
2026-08-11 13:33:00,USER_020,doc_766.pdf,0
2026-08-11 15:06:00,USER_020,doc_803.pdf,0
2026-08-11 10:33:00,USER_020,doc_266.pdf,0
2026-08-11 12:29:00,USER_020,doc_175.pdf,0
2026-08-11 08:55:00,USER_020,doc_401.pdf,0
2026-08-11 08:48:00,USER_020,doc_426.pdf,0
2026-08-11 10:51:00,USER_020,doc_207.pdf,0
2026-08-11 09:15:00,USER_020,doc_450.pdf,0
2026-08-11 10:05:00,USER_020,doc_484.pdf,0
2026-08-11 10:00:00,USER_020,doc_849.pdf,0
2026-08-11 09:16:00,USER_020,doc_660.pdf,0
2026-08-11 09:25:00,USER_020,doc_446.pdf,0
2026-08-11 13:42:00,USER_020,doc_728.pdf,0
2026-08-12 10:40:00,USER_001,doc_154.pdf,0
2026-08-12 10:11:00,USER_001,doc_439.pdf,0
2026-08-12 11:05:00,USER_001,doc_294.pdf,0
2026-08-12 12:49:00,USER_001,doc_813.pdf,0
2026-08-12 14:03:00,USER_001,doc_839.pdf,0
2026-08-12 15:33:00,USER_001,doc_653.pdf,0
2026-08-12 11:35:00,USER_001,doc_776.pdf,0
2026-08-12 11:44:00,USER_001,doc_404.pdf,0
2026-08-12 11:21:00,USER_001,doc_198.pdf,0
2026-08-12 09:45:00,USER_001,doc_502.pdf,0
2026-08-12 14:12:00,USER_001,doc_662.pdf,0
2026-08-12 13:31:00,USER_001,doc_257.pdf,0
2026-08-12 09:47:00,USER_001,doc_469.pdf,0
2026-08-12 09:21:00,USER_001,doc_537.pdf,0
2026-08-12 10:04:00,USER_001,doc_401.pdf,0
2026-08-12 14:58:00,USER_001,doc_740.pdf,0
2026-08-12 14:27:00,USER_001,doc_591.pdf,0
2026-08-12 11:02:00,USER_001,doc_199.pdf,0
2026-08-12 12:27:00,USER_002,doc_582.pdf,0
2026-08-12 13:14:00,USER_002,doc_776.pdf,0
2026-08-12 11:19:00,USER_002,doc_193.pdf,0
2026-08-12 14:32:00,USER_002,doc_657.pdf,0
2026-08-12 12:22:00,USER_002,doc_289.pdf,0
2026-08-12 12:13:00,USER_002,doc_490.pdf,0
2026-08-12 12:13:00,USER_002,doc_291.pdf,0
2026-08-12 12:52:00,USER_002,doc_145.pdf,0
2026-08-12 11:18:00,USER_002,doc_550.pdf,0
2026-08-12 13:02:00,USER_002,doc_369.pdf,0
2026-08-12 10:59:00,USER_002,doc_957.pdf,0
2026-08-12 11:21:00,USER_002,doc_677.pdf,0
2026-08-12 09:35:00,USER_002,doc_254.pdf,0
2026-08-12 15:29:00,USER_002,doc_813.pdf,0
2026-08-12 17:28:00,USER_003,doc_703.pdf,0
2026-08-12 12:57:00,USER_003,doc_666.pdf,0
2026-08-12 11:32:00,USER_003,doc_960.pdf,0
2026-08-12 14:19:00,USER_003,doc_938.pdf,0
2026-08-12 15:28:00,USER_003,doc_528.pdf,0
2026-08-12 15:35:00,USER_003,doc_803.pdf,0
2026-08-12 15:04:00,USER_003,doc_686.pdf,0
2026-08-12 13:01:00,USER_003,doc_587.pdf,0
2026-08-12 13:34:00,USER_003,doc_180.pdf,0
2026-08-12 14:23:00,USER_003,doc_974.pdf,0
2026-08-12 17:06:00,USER_003,doc_135.pdf,0
2026-08-12 15:18:00,USER_003,doc_684.pdf,0
2026-08-12 15:25:00,USER_003,doc_919.pdf,0
2026-08-12 15:53:00,USER_003,doc_793.pdf,0
2026-08-12 16:18:00,USER_003,doc_250.pdf,0
2026-08-12 12:02:00,USER_003,doc_875.pdf,0
2026-08-12 14:50:00,USER_003,doc_277.pdf,0
2026-08-12 12:26:00,USER_003,doc_316.pdf,0
2026-08-12 09:58:00,USER_004,doc_942.pdf,0
2026-08-12 13:36:00,USER_004,doc_251.pdf,0
2026-08-12 13:19:00,USER_004,doc_364.pdf,0
2026-08-12 10:58:00,USER_004,doc_844.pdf,0
2026-08-12 08:49:00,USER_004,doc_189.pdf,0
2026-08-12 11:33:00,USER_004,doc_669.pdf,0
2026-08-12 11:38:00,USER_004,doc_665.pdf,0
2026-08-12 11:01:00,USER_004,doc_977.pdf,0
2026-08-12 10:36:00,USER_004,doc_632.pdf,0
2026-08-12 12:09:00,USER_004,doc_994.pdf,0
2026-08-12 08:21:00,USER_004,doc_905.pdf,0
2026-08-12 14:13:00,USER_004,doc_738.pdf,0
2026-08-12 13:15:00,USER_004,doc_635.pdf,0
2026-08-12 11:49:00,USER_004,doc_215.pdf,0
2026-08-12 11:47:00,USER_004,doc_253.pdf,0
2026-08-12 09:30:00,USER_004,doc_680.pdf,0
2026-08-12 13:16:00,USER_004,doc_696.pdf,0
2026-08-12 14:43:00,USER_004,doc_202.pdf,0
2026-08-12 23:43:00,USER_004,classified_intel_0.dat,1
2026-08-12 23:43:00,USER_004,classified_intel_1.dat,1
2026-08-12 23:43:00,USER_004,classified_intel_2.dat,1
2026-08-12 23:44:00,USER_004,classified_intel_3.dat,1
2026-08-12 23:44:00,USER_004,classified_intel_4.dat,1
2026-08-12 23:44:00,USER_004,classified_intel_5.dat,1
2026-08-12 23:45:00,USER_004,classified_intel_6.dat,1
2026-08-12 23:45:00,USER_004,classified_intel_7.dat,1
2026-08-12 23:45:00,USER_004,classified_intel_8.dat,1
2026-08-12 23:46:00,USER_004,classified_intel_9.dat,1
2026-08-12 23:46:00,USER_004,classified_intel_10.dat,1
2026-08-12 23:46:00,USER_004,classified_intel_11.dat,1
2026-08-12 23:47:00,USER_004,classified_intel_12.dat,1
2026-08-12 23:47:00,USER_004,classified_intel_13.dat,1
2026-08-12 23:47:00,USER_004,classified_intel_14.dat,1
2026-08-12 23:48:00,USER_004,classified_intel_15.dat,1
2026-08-12 23:48:00,USER_004,classified_intel_16.dat,1
2026-08-12 23:48:00,USER_004,classified_intel_17.dat,1
2026-08-12 23:49:00,USER_004,classified_intel_18.dat,1
2026-08-12 23:49:00,USER_004,classified_intel_19.dat,1
2026-08-12 23:49:00,USER_004,classified_intel_20.dat,1
2026-08-12 23:50:00,USER_004,classified_intel_21.dat,1
2026-08-12 23:50:00,USER_004,classified_intel_22.dat,1
2026-08-12 23:50:00,USER_004,classified_intel_23.dat,1
2026-08-12 23:51:00,USER_004,classified_intel_24.dat,1
2026-08-12 23:51:00,USER_004,classified_intel_25.dat,1
2026-08-12 23:51:00,USER_004,classified_intel_26.dat,1
2026-08-12 23:52:00,USER_004,classified_intel_27.dat,1
2026-08-12 23:52:00,USER_004,classified_intel_28.dat,1
2026-08-12 23:52:00,USER_004,classified_intel_29.dat,1
2026-08-12 23:53:00,USER_004,classified_intel_30.dat,1
2026-08-12 23:53:00,USER_004,classified_intel_31.dat,1
2026-08-12 23:53:00,USER_004,classified_intel_32.dat,1
2026-08-12 23:54:00,USER_004,classified_intel_33.dat,1
2026-08-12 23:54:00,USER_004,classified_intel_34.dat,1
2026-08-12 23:54:00,USER_004,classified_intel_35.dat,1
2026-08-12 23:55:00,USER_004,classified_intel_36.dat,1
2026-08-12 23:55:00,USER_004,classified_intel_37.dat,1
2026-08-12 23:55:00,USER_004,classified_intel_38.dat,1
2026-08-12 23:56:00,USER_004,classified_intel_39.dat,1
2026-08-12 23:56:00,USER_004,classified_intel_40.dat,1
2026-08-12 23:56:00,USER_004,classified_intel_41.dat,1
2026-08-12 23:57:00,USER_004,classified_intel_42.dat,1
2026-08-12 23:57:00,USER_004,classified_intel_43.dat,1
2026-08-12 23:57:00,USER_004,classified_intel_44.dat,1
2026-08-12 23:58:00,USER_004,classified_intel_45.dat,1
2026-08-12 23:58:00,USER_004,classified_intel_46.dat,1
2026-08-12 23:58:00,USER_004,classified_intel_47.dat,1
2026-08-12 23:59:00,USER_004,classified_intel_48.dat,1
2026-08-12 23:59:00,USER_004,classified_intel_49.dat,1
2026-08-12 23:59:00,USER_004,classified_intel_50.dat,1
2026-08-13 00:00:00,USER_004,classified_intel_51.dat,1
2026-08-13 00:00:00,USER_004,classified_intel_52.dat,1
2026-08-13 00:00:00,USER_004,classified_intel_53.dat,1
2026-08-13 00:01:00,USER_004,classified_intel_54.dat,1
2026-08-13 00:01:00,USER_004,classified_intel_55.dat,1
2026-08-13 00:01:00,USER_004,classified_intel_56.dat,1
2026-08-13 00:02:00,USER_004,classified_intel_57.dat,1
2026-08-13 00:02:00,USER_004,classified_intel_58.dat,1
2026-08-13 00:02:00,USER_004,classified_intel_59.dat,1
2026-08-12 14:26:00,USER_005,doc_723.pdf,0
2026-08-12 13:36:00,USER_005,doc_138.pdf,0
2026-08-12 11:02:00,USER_005,doc_382.pdf,0
2026-08-12 13:00:00,USER_005,doc_247.pdf,0
2026-08-12 14:50:00,USER_005,doc_723.pdf,0
2026-08-12 15:22:00,USER_005,doc_810.pdf,0
2026-08-12 12:59:00,USER_005,doc_139.pdf,0
2026-08-12 12:56:00,USER_005,doc_439.pdf,0
2026-08-12 15:27:00,USER_005,doc_343.pdf,0
2026-08-12 09:59:00,USER_005,doc_863.pdf,0
2026-08-12 13:37:00,USER_005,doc_375.pdf,0
2026-08-12 12:44:00,USER_005,doc_120.pdf,0
2026-08-12 12:26:00,USER_005,doc_937.pdf,0
2026-08-12 12:09:00,USER_005,doc_418.pdf,0
2026-08-12 11:57:00,USER_005,doc_963.pdf,0
2026-08-12 13:45:00,USER_005,doc_978.pdf,0
2026-08-12 15:30:00,USER_005,doc_801.pdf,0
2026-08-12 10:24:00,USER_005,doc_989.pdf,0
2026-08-12 11:30:00,USER_005,doc_237.pdf,0
2026-08-12 12:07:00,USER_005,doc_861.pdf,0
2026-08-12 15:05:00,USER_005,project_archive_11_0.pdf,0
2026-08-12 15:06:00,USER_005,project_archive_11_1.pdf,0
2026-08-12 15:07:00,USER_005,project_archive_11_2.pdf,0
2026-08-12 15:08:00,USER_005,project_archive_11_3.pdf,0
2026-08-12 15:09:00,USER_005,project_archive_11_4.pdf,0
2026-08-12 15:10:00,USER_005,project_archive_11_5.pdf,0
2026-08-12 15:11:00,USER_005,project_archive_11_6.pdf,0
2026-08-12 15:12:00,USER_005,project_archive_11_7.pdf,0
2026-08-12 15:13:00,USER_005,project_archive_11_8.pdf,0
2026-08-12 15:14:00,USER_005,project_archive_11_9.pdf,0
2026-08-12 15:15:00,USER_005,project_archive_11_10.pdf,0
2026-08-12 15:16:00,USER_005,project_archive_11_11.pdf,0
2026-08-12 15:17:00,USER_005,project_archive_11_12.pdf,0
2026-08-12 15:18:00,USER_005,project_archive_11_13.pdf,0
2026-08-12 15:19:00,USER_005,project_archive_11_14.pdf,0
2026-08-12 15:20:00,USER_005,project_archive_11_15.pdf,0
2026-08-12 15:21:00,USER_005,project_archive_11_16.pdf,0
2026-08-12 15:22:00,USER_005,project_archive_11_17.pdf,0
2026-08-12 11:12:00,USER_006,doc_552.pdf,0
2026-08-12 11:24:00,USER_006,doc_943.pdf,0
2026-08-12 13:04:00,USER_006,doc_858.pdf,0
2026-08-12 13:44:00,USER_006,doc_877.pdf,0
2026-08-12 14:00:00,USER_006,doc_988.pdf,0
2026-08-12 12:47:00,USER_006,doc_940.pdf,0
2026-08-12 10:04:00,USER_006,doc_627.pdf,0
2026-08-12 14:10:00,USER_007,doc_682.pdf,0
2026-08-12 09:56:00,USER_007,doc_277.pdf,0
2026-08-12 11:20:00,USER_007,doc_996.pdf,0
2026-08-12 11:24:00,USER_007,doc_957.pdf,0
2026-08-12 10:11:00,USER_007,doc_355.pdf,0
2026-08-12 09:58:00,USER_007,doc_567.pdf,0
2026-08-12 10:07:00,USER_007,doc_469.pdf,0
2026-08-12 15:42:00,USER_007,doc_303.pdf,0
2026-08-12 12:02:00,USER_007,doc_477.pdf,0
2026-08-12 14:03:00,USER_008,doc_600.pdf,0
2026-08-12 15:57:00,USER_008,doc_556.pdf,0
2026-08-12 12:23:00,USER_008,doc_991.pdf,0
2026-08-12 14:55:00,USER_008,doc_700.pdf,0
2026-08-12 15:35:00,USER_008,doc_458.pdf,0
2026-08-12 13:49:00,USER_008,doc_267.pdf,0
2026-08-12 13:05:00,USER_008,doc_866.pdf,0
2026-08-12 16:45:00,USER_008,doc_192.pdf,0
2026-08-12 13:18:00,USER_008,doc_128.pdf,0
2026-08-12 14:10:00,USER_008,doc_150.pdf,0
2026-08-12 12:16:00,USER_008,doc_974.pdf,0
2026-08-12 15:45:00,USER_008,doc_898.pdf,0
2026-08-12 16:26:00,USER_009,doc_519.pdf,0
2026-08-12 15:15:00,USER_009,doc_120.pdf,0
2026-08-12 16:42:00,USER_009,doc_109.pdf,0
2026-08-12 14:55:00,USER_009,doc_235.pdf,0
2026-08-12 16:24:00,USER_009,doc_277.pdf,0
2026-08-12 16:00:00,USER_009,doc_920.pdf,0
2026-08-12 10:57:00,USER_009,doc_329.pdf,0
2026-08-12 13:02:00,USER_009,doc_722.pdf,0
2026-08-12 13:29:00,USER_009,doc_829.pdf,0
2026-08-12 16:56:00,USER_009,doc_758.pdf,0
2026-08-12 13:13:00,USER_009,doc_533.pdf,0
2026-08-12 14:05:00,USER_009,doc_972.pdf,0
2026-08-12 13:51:00,USER_009,doc_570.pdf,0
2026-08-12 14:42:00,USER_010,doc_204.pdf,0
2026-08-12 09:46:00,USER_010,doc_623.pdf,0
2026-08-12 15:22:00,USER_010,doc_963.pdf,0
2026-08-12 12:54:00,USER_010,doc_674.pdf,0
2026-08-12 15:14:00,USER_010,doc_708.pdf,0
2026-08-12 14:54:00,USER_010,doc_389.pdf,0
2026-08-12 12:15:00,USER_010,doc_800.pdf,0
2026-08-12 10:38:00,USER_010,doc_593.pdf,0
2026-08-12 10:15:00,USER_010,doc_444.pdf,0
2026-08-12 12:04:00,USER_010,doc_755.pdf,0
2026-08-12 12:29:00,USER_010,doc_982.pdf,0
2026-08-12 12:04:00,USER_010,doc_367.pdf,0
2026-08-12 15:18:00,USER_010,doc_828.pdf,0
2026-08-12 15:16:00,USER_010,doc_405.pdf,0
2026-08-12 11:19:00,USER_010,doc_253.pdf,0
2026-08-12 14:07:00,USER_010,doc_883.pdf,0
2026-08-12 11:46:00,USER_010,doc_158.pdf,0
2026-08-12 16:28:00,USER_011,doc_609.pdf,0
2026-08-12 13:24:00,USER_011,doc_365.pdf,0
2026-08-12 14:27:00,USER_011,doc_514.pdf,0
2026-08-12 14:11:00,USER_011,doc_854.pdf,0
2026-08-12 11:11:00,USER_011,doc_697.pdf,0
2026-08-12 15:38:00,USER_012,doc_467.pdf,0
2026-08-12 14:14:00,USER_012,doc_407.pdf,0
2026-08-12 11:22:00,USER_012,doc_960.pdf,0
2026-08-12 15:31:00,USER_012,doc_997.pdf,0
2026-08-12 14:40:00,USER_012,doc_285.pdf,0
2026-08-12 12:25:00,USER_012,doc_199.pdf,0
2026-08-12 13:56:00,USER_012,doc_231.pdf,0
2026-08-12 16:14:00,USER_012,doc_364.pdf,0
2026-08-12 16:06:00,USER_012,doc_927.pdf,0
2026-08-12 14:41:00,USER_012,doc_881.pdf,0
2026-08-12 11:28:00,USER_012,doc_796.pdf,0
2026-08-12 12:46:00,USER_012,doc_770.pdf,0
2026-08-12 10:40:00,USER_012,doc_327.pdf,0
2026-08-12 12:56:00,USER_012,doc_328.pdf,0
2026-08-12 16:16:00,USER_012,doc_992.pdf,0
2026-08-12 12:32:00,USER_012,doc_530.pdf,0
2026-08-12 12:44:00,USER_012,doc_480.pdf,0
2026-08-12 12:08:00,USER_012,doc_699.pdf,0
2026-08-12 12:25:00,USER_012,doc_574.pdf,0
2026-08-12 10:55:00,USER_012,doc_581.pdf,0
2026-08-12 12:48:00,USER_013,doc_405.pdf,0
2026-08-12 11:48:00,USER_013,doc_155.pdf,0
2026-08-12 09:34:00,USER_013,doc_240.pdf,0
2026-08-12 09:59:00,USER_013,doc_450.pdf,0
2026-08-12 11:46:00,USER_013,doc_683.pdf,0
2026-08-12 12:11:00,USER_013,doc_246.pdf,0
2026-08-12 10:58:00,USER_013,doc_983.pdf,0
2026-08-12 14:23:00,USER_013,doc_284.pdf,0
2026-08-12 08:58:00,USER_013,doc_599.pdf,0
2026-08-12 11:07:00,USER_013,doc_746.pdf,0
2026-08-12 09:47:00,USER_013,doc_420.pdf,0
2026-08-12 13:41:00,USER_013,doc_159.pdf,0
2026-08-12 08:19:00,USER_013,doc_562.pdf,0
2026-08-12 10:37:00,USER_013,doc_314.pdf,0
2026-08-12 14:46:00,USER_013,doc_892.pdf,0
2026-08-12 09:43:00,USER_013,doc_690.pdf,0
2026-08-12 09:38:00,USER_013,doc_601.pdf,0
2026-08-12 12:03:00,USER_014,doc_539.pdf,0
2026-08-12 12:41:00,USER_014,doc_492.pdf,0
2026-08-12 08:39:00,USER_014,doc_138.pdf,0
2026-08-12 13:10:00,USER_014,doc_304.pdf,0
2026-08-12 14:51:00,USER_014,doc_482.pdf,0
2026-08-12 08:44:00,USER_014,doc_429.pdf,0
2026-08-12 15:04:00,USER_014,doc_953.pdf,0
2026-08-12 13:08:00,USER_014,doc_295.pdf,0
2026-08-12 08:46:00,USER_014,doc_792.pdf,0
2026-08-12 08:39:00,USER_014,doc_741.pdf,0
2026-08-12 14:52:00,USER_014,doc_354.pdf,0
2026-08-12 10:32:00,USER_014,doc_810.pdf,0
2026-08-12 11:33:00,USER_014,doc_419.pdf,0
2026-08-12 09:43:00,USER_014,doc_205.pdf,0
2026-08-12 11:53:00,USER_014,doc_615.pdf,0
2026-08-12 13:38:00,USER_014,doc_413.pdf,0
2026-08-12 10:02:00,USER_014,doc_166.pdf,0
2026-08-12 09:00:00,USER_014,doc_405.pdf,0
2026-08-12 14:30:00,USER_015,doc_803.pdf,0
2026-08-12 11:56:00,USER_015,doc_450.pdf,0
2026-08-12 14:58:00,USER_015,doc_467.pdf,0
2026-08-12 17:12:00,USER_015,doc_292.pdf,0
2026-08-12 12:12:00,USER_015,doc_931.pdf,0
2026-08-12 14:14:00,USER_015,doc_119.pdf,0
2026-08-12 12:44:00,USER_015,doc_329.pdf,0
2026-08-12 17:00:00,USER_015,doc_234.pdf,0
2026-08-12 12:36:00,USER_015,doc_851.pdf,0
2026-08-12 10:59:00,USER_015,doc_703.pdf,0
2026-08-12 15:06:00,USER_015,doc_273.pdf,0
2026-08-12 11:51:00,USER_015,doc_475.pdf,0
2026-08-12 16:52:00,USER_015,doc_766.pdf,0
2026-08-12 11:07:00,USER_015,doc_484.pdf,0
2026-08-12 16:15:00,USER_015,doc_361.pdf,0
2026-08-12 11:16:00,USER_016,doc_806.pdf,0
2026-08-12 11:51:00,USER_016,doc_526.pdf,0
2026-08-12 14:39:00,USER_016,doc_489.pdf,0
2026-08-12 11:55:00,USER_016,doc_660.pdf,0
2026-08-12 13:01:00,USER_016,doc_585.pdf,0
2026-08-12 14:25:00,USER_017,doc_777.pdf,0
2026-08-12 11:41:00,USER_017,doc_778.pdf,0
2026-08-12 15:16:00,USER_017,doc_376.pdf,0
2026-08-12 16:08:00,USER_017,doc_720.pdf,0
2026-08-12 16:48:00,USER_017,doc_240.pdf,0
2026-08-12 14:24:00,USER_017,doc_950.pdf,0
2026-08-12 11:43:00,USER_017,doc_623.pdf,0
2026-08-12 16:58:00,USER_017,doc_732.pdf,0
2026-08-12 11:50:00,USER_017,doc_389.pdf,0
2026-08-12 11:48:00,USER_017,doc_903.pdf,0
2026-08-12 11:44:00,USER_017,doc_609.pdf,0
2026-08-12 12:31:00,USER_017,doc_723.pdf,0
2026-08-12 12:32:00,USER_017,doc_896.pdf,0
2026-08-12 13:04:00,USER_017,doc_951.pdf,0
2026-08-12 09:56:00,USER_018,doc_661.pdf,0
2026-08-12 13:50:00,USER_018,doc_312.pdf,0
2026-08-12 15:28:00,USER_018,doc_592.pdf,0
2026-08-12 12:25:00,USER_018,doc_340.pdf,0
2026-08-12 09:37:00,USER_018,doc_113.pdf,0
2026-08-12 15:19:00,USER_018,doc_191.pdf,0
2026-08-12 10:32:00,USER_018,doc_955.pdf,0
2026-08-12 14:29:00,USER_018,doc_785.pdf,0
2026-08-12 13:48:00,USER_018,doc_252.pdf,0
2026-08-12 10:22:00,USER_018,doc_898.pdf,0
2026-08-12 11:39:00,USER_019,doc_575.pdf,0
2026-08-12 09:49:00,USER_019,doc_202.pdf,0
2026-08-12 10:53:00,USER_019,doc_995.pdf,0
2026-08-12 09:44:00,USER_019,doc_972.pdf,0
2026-08-12 11:52:00,USER_019,doc_468.pdf,0
2026-08-12 15:10:00,USER_019,doc_420.pdf,0
2026-08-12 13:02:00,USER_019,doc_856.pdf,0
2026-08-12 10:23:00,USER_019,doc_197.pdf,0
2026-08-12 15:52:00,USER_019,doc_146.pdf,0
2026-08-12 09:28:00,USER_019,doc_972.pdf,0
2026-08-12 10:34:00,USER_019,doc_779.pdf,0
2026-08-12 14:55:00,USER_019,doc_274.pdf,0
2026-08-12 12:12:00,USER_019,doc_466.pdf,0
2026-08-12 13:08:00,USER_019,doc_736.pdf,0
2026-08-12 12:45:00,USER_020,doc_567.pdf,0
2026-08-12 11:40:00,USER_020,doc_955.pdf,0
2026-08-12 12:38:00,USER_020,doc_806.pdf,0
2026-08-12 13:25:00,USER_020,doc_919.pdf,0
2026-08-12 12:56:00,USER_020,doc_764.pdf,0
2026-08-12 10:46:00,USER_020,doc_215.pdf,0
2026-08-12 10:28:00,USER_020,doc_812.pdf,0
2026-08-12 15:32:00,USER_020,doc_160.pdf,0
2026-08-12 10:42:00,USER_020,doc_206.pdf,0
2026-08-12 12:54:00,USER_020,doc_704.pdf,0
2026-08-12 13:28:00,USER_020,doc_921.pdf,0
2026-08-12 14:12:00,USER_020,doc_794.pdf,0
2026-08-12 13:05:00,USER_020,doc_285.pdf,0
2026-08-12 14:33:00,USER_020,doc_488.pdf,0
2026-08-12 12:24:00,USER_020,doc_726.pdf,0
2026-08-12 09:35:00,USER_020,doc_983.pdf,0
2026-08-12 15:11:00,USER_020,doc_958.pdf,0
2026-08-13 13:02:00,USER_001,doc_147.pdf,0
2026-08-13 09:49:00,USER_001,doc_367.pdf,0
2026-08-13 14:52:00,USER_001,doc_421.pdf,0
2026-08-13 09:23:00,USER_001,doc_821.pdf,0
2026-08-13 15:04:00,USER_001,doc_637.pdf,0
2026-08-13 15:37:00,USER_001,doc_690.pdf,0
2026-08-13 15:27:00,USER_001,doc_678.pdf,0
2026-08-13 11:11:00,USER_001,doc_785.pdf,0
2026-08-13 12:10:00,USER_001,doc_631.pdf,0
2026-08-13 13:44:00,USER_001,doc_804.pdf,0
2026-08-13 15:15:00,USER_001,doc_733.pdf,0
2026-08-13 10:05:00,USER_001,doc_543.pdf,0
2026-08-13 14:55:00,USER_001,doc_844.pdf,0
2026-08-13 11:24:00,USER_001,doc_593.pdf,0
2026-08-13 12:14:00,USER_001,doc_779.pdf,0
2026-08-13 15:03:00,USER_001,doc_756.pdf,0
2026-08-13 12:34:00,USER_001,doc_252.pdf,0
2026-08-13 14:02:00,USER_001,doc_727.pdf,0
2026-08-13 11:58:00,USER_002,doc_346.pdf,0
2026-08-13 12:03:00,USER_002,doc_384.pdf,0
2026-08-13 09:39:00,USER_002,doc_619.pdf,0
2026-08-13 11:08:00,USER_002,doc_663.pdf,0
2026-08-13 14:43:00,USER_002,doc_487.pdf,0
2026-08-13 12:40:00,USER_002,doc_936.pdf,0
2026-08-13 11:14:00,USER_002,doc_180.pdf,0
2026-08-13 13:09:00,USER_002,doc_554.pdf,0
2026-08-13 14:07:00,USER_002,doc_558.pdf,0
2026-08-13 09:59:00,USER_002,doc_977.pdf,0
2026-08-13 13:29:00,USER_002,doc_557.pdf,0
2026-08-13 11:55:00,USER_002,doc_221.pdf,0
2026-08-13 13:28:00,USER_002,doc_863.pdf,0
2026-08-13 14:48:00,USER_002,doc_118.pdf,0
2026-08-13 10:06:00,USER_002,doc_513.pdf,0
2026-08-13 12:45:00,USER_002,doc_136.pdf,0
2026-08-13 13:59:00,USER_002,doc_662.pdf,0
2026-08-13 09:14:00,USER_002,doc_945.pdf,0
2026-08-13 10:00:00,USER_002,doc_910.pdf,0
2026-08-13 14:23:00,USER_002,doc_733.pdf,0
2026-08-13 11:06:00,USER_003,doc_936.pdf,0
2026-08-13 12:33:00,USER_003,doc_964.pdf,0
2026-08-13 14:31:00,USER_003,doc_439.pdf,0
2026-08-13 15:25:00,USER_003,doc_885.pdf,0
2026-08-13 15:56:00,USER_003,doc_714.pdf,0
2026-08-13 14:41:00,USER_003,doc_833.pdf,0
2026-08-13 16:15:00,USER_003,doc_472.pdf,0
2026-08-13 16:45:00,USER_003,doc_563.pdf,0
2026-08-13 11:37:00,USER_003,doc_199.pdf,0
2026-08-13 17:07:00,USER_003,doc_774.pdf,0
2026-08-13 12:32:00,USER_003,doc_102.pdf,0
2026-08-13 13:33:00,USER_003,doc_463.pdf,0
2026-08-13 16:03:00,USER_003,doc_919.pdf,0
2026-08-13 13:08:00,USER_003,doc_660.pdf,0
2026-08-13 15:06:00,USER_003,doc_482.pdf,0
2026-08-13 16:38:00,USER_003,doc_208.pdf,0
2026-08-13 09:51:00,USER_004,doc_360.pdf,0
2026-08-13 14:09:00,USER_004,doc_300.pdf,0
2026-08-13 10:33:00,USER_004,doc_223.pdf,0
2026-08-13 12:18:00,USER_004,doc_320.pdf,0
2026-08-13 12:51:00,USER_004,doc_944.pdf,0
2026-08-13 10:34:00,USER_004,doc_833.pdf,0
2026-08-13 11:50:00,USER_004,doc_210.pdf,0
2026-08-13 15:24:00,USER_004,doc_524.pdf,0
2026-08-13 09:20:00,USER_004,doc_748.pdf,0
2026-08-13 14:41:00,USER_004,doc_702.pdf,0
2026-08-13 10:00:00,USER_004,doc_890.pdf,0
2026-08-13 12:47:00,USER_004,doc_568.pdf,0
2026-08-13 14:34:00,USER_004,doc_703.pdf,0
2026-08-13 13:15:00,USER_004,doc_237.pdf,0
2026-08-13 13:12:00,USER_004,doc_104.pdf,0
2026-08-13 13:28:00,USER_004,doc_853.pdf,0
2026-08-13 09:21:00,USER_004,doc_666.pdf,0
2026-08-13 12:38:00,USER_004,doc_958.pdf,0
2026-08-13 23:36:00,USER_004,classified_intel_0.dat,1
2026-08-13 23:36:00,USER_004,classified_intel_1.dat,1
2026-08-13 23:36:00,USER_004,classified_intel_2.dat,1
2026-08-13 23:37:00,USER_004,classified_intel_3.dat,1
2026-08-13 23:37:00,USER_004,classified_intel_4.dat,1
2026-08-13 23:37:00,USER_004,classified_intel_5.dat,1
2026-08-13 23:38:00,USER_004,classified_intel_6.dat,1
2026-08-13 23:38:00,USER_004,classified_intel_7.dat,1
2026-08-13 23:38:00,USER_004,classified_intel_8.dat,1
2026-08-13 23:39:00,USER_004,classified_intel_9.dat,1
2026-08-13 23:39:00,USER_004,classified_intel_10.dat,1
2026-08-13 23:39:00,USER_004,classified_intel_11.dat,1
2026-08-13 23:40:00,USER_004,classified_intel_12.dat,1
2026-08-13 23:40:00,USER_004,classified_intel_13.dat,1
2026-08-13 23:40:00,USER_004,classified_intel_14.dat,1
2026-08-13 23:41:00,USER_004,classified_intel_15.dat,1
2026-08-13 23:41:00,USER_004,classified_intel_16.dat,1
2026-08-13 23:41:00,USER_004,classified_intel_17.dat,1
2026-08-13 23:42:00,USER_004,classified_intel_18.dat,1
2026-08-13 23:42:00,USER_004,classified_intel_19.dat,1
2026-08-13 23:42:00,USER_004,classified_intel_20.dat,1
2026-08-13 23:43:00,USER_004,classified_intel_21.dat,1
2026-08-13 23:43:00,USER_004,classified_intel_22.dat,1
2026-08-13 23:43:00,USER_004,classified_intel_23.dat,1
2026-08-13 23:44:00,USER_004,classified_intel_24.dat,1
2026-08-13 23:44:00,USER_004,classified_intel_25.dat,1
2026-08-13 23:44:00,USER_004,classified_intel_26.dat,1
2026-08-13 23:45:00,USER_004,classified_intel_27.dat,1
2026-08-13 23:45:00,USER_004,classified_intel_28.dat,1
2026-08-13 23:45:00,USER_004,classified_intel_29.dat,1
2026-08-13 23:46:00,USER_004,classified_intel_30.dat,1
2026-08-13 23:46:00,USER_004,classified_intel_31.dat,1
2026-08-13 23:46:00,USER_004,classified_intel_32.dat,1
2026-08-13 23:47:00,USER_004,classified_intel_33.dat,1
2026-08-13 23:47:00,USER_004,classified_intel_34.dat,1
2026-08-13 23:47:00,USER_004,classified_intel_35.dat,1
2026-08-13 23:48:00,USER_004,classified_intel_36.dat,1
2026-08-13 23:48:00,USER_004,classified_intel_37.dat,1
2026-08-13 23:48:00,USER_004,classified_intel_38.dat,1
2026-08-13 23:49:00,USER_004,classified_intel_39.dat,1
2026-08-13 23:49:00,USER_004,classified_intel_40.dat,1
2026-08-13 23:49:00,USER_004,classified_intel_41.dat,1
2026-08-13 23:50:00,USER_004,classified_intel_42.dat,1
2026-08-13 23:50:00,USER_004,classified_intel_43.dat,1
2026-08-13 23:50:00,USER_004,classified_intel_44.dat,1
2026-08-13 23:51:00,USER_004,classified_intel_45.dat,1
2026-08-13 23:51:00,USER_004,classified_intel_46.dat,1
2026-08-13 23:51:00,USER_004,classified_intel_47.dat,1
2026-08-13 23:52:00,USER_004,classified_intel_48.dat,1
2026-08-13 23:52:00,USER_004,classified_intel_49.dat,1
2026-08-13 23:52:00,USER_004,classified_intel_50.dat,1
2026-08-13 23:53:00,USER_004,classified_intel_51.dat,1
2026-08-13 23:53:00,USER_004,classified_intel_52.dat,1
2026-08-13 23:53:00,USER_004,classified_intel_53.dat,1
2026-08-13 23:54:00,USER_004,classified_intel_54.dat,1
2026-08-13 23:54:00,USER_004,classified_intel_55.dat,1
2026-08-13 23:54:00,USER_004,classified_intel_56.dat,1
2026-08-13 23:55:00,USER_004,classified_intel_57.dat,1
2026-08-13 23:55:00,USER_004,classified_intel_58.dat,1
2026-08-13 23:55:00,USER_004,classified_intel_59.dat,1
2026-08-13 13:10:00,USER_005,doc_493.pdf,0
2026-08-13 12:26:00,USER_005,doc_723.pdf,0
2026-08-13 14:46:00,USER_005,doc_880.pdf,0
2026-08-13 10:59:00,USER_005,doc_380.pdf,0
2026-08-13 12:15:00,USER_005,doc_451.pdf,0
2026-08-13 11:22:00,USER_005,doc_563.pdf,0
2026-08-13 10:00:00,USER_005,doc_241.pdf,0
2026-08-13 12:23:00,USER_005,doc_716.pdf,0
2026-08-13 14:50:00,USER_005,doc_866.pdf,0
2026-08-13 13:14:00,USER_005,doc_406.pdf,0
2026-08-13 14:51:00,USER_005,doc_660.pdf,0
2026-08-13 11:32:00,USER_005,doc_828.pdf,0
2026-08-13 15:09:00,USER_005,doc_666.pdf,0
2026-08-13 14:15:00,USER_005,doc_322.pdf,0
2026-08-13 10:34:00,USER_005,doc_314.pdf,0
2026-08-13 15:05:00,USER_005,project_archive_12_0.pdf,0
2026-08-13 15:06:00,USER_005,project_archive_12_1.pdf,0
2026-08-13 15:07:00,USER_005,project_archive_12_2.pdf,0
2026-08-13 15:08:00,USER_005,project_archive_12_3.pdf,0
2026-08-13 15:09:00,USER_005,project_archive_12_4.pdf,0
2026-08-13 15:10:00,USER_005,project_archive_12_5.pdf,0
2026-08-13 15:11:00,USER_005,project_archive_12_6.pdf,0
2026-08-13 15:12:00,USER_005,project_archive_12_7.pdf,0
2026-08-13 15:13:00,USER_005,project_archive_12_8.pdf,0
2026-08-13 15:14:00,USER_005,project_archive_12_9.pdf,0
2026-08-13 15:15:00,USER_005,project_archive_12_10.pdf,0
2026-08-13 15:16:00,USER_005,project_archive_12_11.pdf,0
2026-08-13 15:17:00,USER_005,project_archive_12_12.pdf,0
2026-08-13 15:18:00,USER_005,project_archive_12_13.pdf,0
2026-08-13 15:19:00,USER_005,project_archive_12_14.pdf,0
2026-08-13 15:20:00,USER_005,project_archive_12_15.pdf,0
2026-08-13 15:21:00,USER_005,project_archive_12_16.pdf,0
2026-08-13 15:22:00,USER_005,project_archive_12_17.pdf,0
2026-08-13 17:11:00,USER_006,doc_765.pdf,0
2026-08-13 12:39:00,USER_006,doc_615.pdf,0
2026-08-13 15:45:00,USER_006,doc_810.pdf,0
2026-08-13 16:34:00,USER_006,doc_430.pdf,0
2026-08-13 17:11:00,USER_006,doc_218.pdf,0
2026-08-13 17:37:00,USER_006,doc_460.pdf,0
2026-08-13 15:55:00,USER_006,doc_591.pdf,0
2026-08-13 16:06:00,USER_006,doc_684.pdf,0
2026-08-13 16:49:00,USER_006,doc_827.pdf,0
2026-08-13 12:58:00,USER_007,doc_248.pdf,0
2026-08-13 10:10:00,USER_007,doc_786.pdf,0
2026-08-13 10:11:00,USER_007,doc_304.pdf,0
2026-08-13 11:59:00,USER_007,doc_868.pdf,0
2026-08-13 11:05:00,USER_007,doc_393.pdf,0
2026-08-13 15:25:00,USER_008,doc_654.pdf,0
2026-08-13 09:16:00,USER_008,doc_467.pdf,0
2026-08-13 12:51:00,USER_008,doc_204.pdf,0
2026-08-13 14:15:00,USER_008,doc_988.pdf,0
2026-08-13 14:45:00,USER_008,doc_857.pdf,0
2026-08-13 13:47:00,USER_008,doc_985.pdf,0
2026-08-13 10:54:00,USER_008,doc_860.pdf,0
2026-08-13 14:31:00,USER_008,doc_674.pdf,0
2026-08-13 12:19:00,USER_008,doc_343.pdf,0
2026-08-13 13:21:00,USER_008,doc_903.pdf,0
2026-08-13 14:56:00,USER_008,doc_394.pdf,0
2026-08-13 14:18:00,USER_009,doc_155.pdf,0
2026-08-13 09:42:00,USER_009,doc_861.pdf,0
2026-08-13 11:44:00,USER_009,doc_307.pdf,0
2026-08-13 14:53:00,USER_009,doc_989.pdf,0
2026-08-13 13:22:00,USER_009,doc_949.pdf,0
2026-08-13 11:31:00,USER_009,doc_748.pdf,0
2026-08-13 15:36:00,USER_009,doc_826.pdf,0
2026-08-13 15:07:00,USER_009,doc_476.pdf,0
2026-08-13 16:02:00,USER_009,doc_702.pdf,0
2026-08-13 14:15:00,USER_009,doc_856.pdf,0
2026-08-13 14:44:00,USER_009,doc_301.pdf,0
2026-08-13 15:47:00,USER_009,doc_298.pdf,0
2026-08-13 12:06:00,USER_009,doc_559.pdf,0
2026-08-13 11:06:00,USER_009,doc_799.pdf,0
2026-08-13 10:14:00,USER_009,doc_291.pdf,0
2026-08-13 10:43:00,USER_010,doc_264.pdf,0
2026-08-13 14:36:00,USER_010,doc_966.pdf,0
2026-08-13 11:47:00,USER_010,doc_105.pdf,0
2026-08-13 12:26:00,USER_010,doc_577.pdf,0
2026-08-13 15:40:00,USER_010,doc_258.pdf,0
2026-08-13 09:57:00,USER_010,doc_257.pdf,0
2026-08-13 12:22:00,USER_010,doc_711.pdf,0
2026-08-13 10:03:00,USER_010,doc_892.pdf,0
2026-08-13 14:57:00,USER_010,doc_730.pdf,0
2026-08-13 15:15:00,USER_010,doc_408.pdf,0
2026-08-13 13:48:00,USER_010,doc_908.pdf,0
2026-08-13 14:30:00,USER_010,doc_663.pdf,0
2026-08-13 12:40:00,USER_010,doc_174.pdf,0
2026-08-13 14:39:00,USER_011,doc_263.pdf,0
2026-08-13 13:53:00,USER_011,doc_656.pdf,0
2026-08-13 14:55:00,USER_011,doc_513.pdf,0
2026-08-13 11:08:00,USER_011,doc_457.pdf,0
2026-08-13 12:14:00,USER_011,doc_318.pdf,0
2026-08-13 16:00:00,USER_011,doc_439.pdf,0
2026-08-13 13:10:00,USER_011,doc_469.pdf,0
2026-08-13 13:58:00,USER_012,doc_346.pdf,0
2026-08-13 15:38:00,USER_012,doc_728.pdf,0
2026-08-13 15:28:00,USER_012,doc_349.pdf,0
2026-08-13 10:30:00,USER_012,doc_798.pdf,0
2026-08-13 12:54:00,USER_012,doc_490.pdf,0
2026-08-13 11:08:00,USER_012,doc_495.pdf,0
2026-08-13 12:21:00,USER_012,doc_653.pdf,0
2026-08-13 16:20:00,USER_012,doc_389.pdf,0
2026-08-13 10:22:00,USER_012,doc_629.pdf,0
2026-08-13 13:21:00,USER_012,doc_626.pdf,0
2026-08-13 14:30:00,USER_012,doc_556.pdf,0
2026-08-13 14:19:00,USER_012,doc_144.pdf,0
2026-08-13 12:41:00,USER_012,doc_767.pdf,0
2026-08-13 11:48:00,USER_012,doc_428.pdf,0
2026-08-13 14:33:00,USER_012,doc_184.pdf,0
2026-08-13 10:59:00,USER_012,doc_271.pdf,0
2026-08-13 16:13:00,USER_013,doc_534.pdf,0
2026-08-13 11:16:00,USER_013,doc_310.pdf,0
2026-08-13 14:58:00,USER_013,doc_948.pdf,0
2026-08-13 16:22:00,USER_013,doc_999.pdf,0
2026-08-13 16:42:00,USER_013,doc_893.pdf,0
2026-08-13 14:05:00,USER_013,doc_762.pdf,0
2026-08-13 10:59:00,USER_013,doc_864.pdf,0
2026-08-13 16:14:00,USER_013,doc_257.pdf,0
2026-08-13 10:35:00,USER_013,doc_570.pdf,0
2026-08-13 16:30:00,USER_013,doc_439.pdf,0
2026-08-13 10:42:00,USER_013,doc_189.pdf,0
2026-08-13 12:58:00,USER_014,doc_517.pdf,0
2026-08-13 14:04:00,USER_014,doc_561.pdf,0
2026-08-13 16:08:00,USER_014,doc_514.pdf,0
2026-08-13 14:27:00,USER_014,doc_423.pdf,0
2026-08-13 10:54:00,USER_014,doc_498.pdf,0
2026-08-13 16:30:00,USER_014,doc_221.pdf,0
2026-08-13 15:19:00,USER_014,doc_106.pdf,0
2026-08-13 16:14:00,USER_014,doc_837.pdf,0
2026-08-13 16:02:00,USER_014,doc_164.pdf,0
2026-08-13 17:13:00,USER_014,doc_863.pdf,0
2026-08-13 15:45:00,USER_014,doc_146.pdf,0
2026-08-13 16:44:00,USER_014,doc_968.pdf,0
2026-08-13 11:53:00,USER_015,doc_883.pdf,0
2026-08-13 13:13:00,USER_015,doc_490.pdf,0
2026-08-13 12:51:00,USER_015,doc_941.pdf,0
2026-08-13 15:07:00,USER_015,doc_131.pdf,0
2026-08-13 13:31:00,USER_015,doc_260.pdf,0
2026-08-13 14:02:00,USER_015,doc_325.pdf,0
2026-08-13 10:38:00,USER_015,doc_864.pdf,0
2026-08-13 10:34:00,USER_016,doc_666.pdf,0
2026-08-13 15:13:00,USER_016,doc_244.pdf,0
2026-08-13 11:32:00,USER_016,doc_142.pdf,0
2026-08-13 10:31:00,USER_016,doc_686.pdf,0
2026-08-13 15:34:00,USER_016,doc_503.pdf,0
2026-08-13 15:04:00,USER_016,doc_660.pdf,0
2026-08-13 11:12:00,USER_016,doc_412.pdf,0
2026-08-13 12:16:00,USER_016,doc_866.pdf,0
2026-08-13 16:48:00,USER_016,doc_843.pdf,0
2026-08-13 13:25:00,USER_016,doc_316.pdf,0
2026-08-13 14:00:00,USER_016,doc_761.pdf,0
2026-08-13 14:51:00,USER_016,doc_245.pdf,0
2026-08-13 11:51:00,USER_016,doc_288.pdf,0
2026-08-13 12:22:00,USER_016,doc_731.pdf,0
2026-08-13 12:38:00,USER_016,doc_298.pdf,0
2026-08-13 11:27:00,USER_016,doc_285.pdf,0
2026-08-13 13:19:00,USER_017,doc_787.pdf,0
2026-08-13 11:25:00,USER_017,doc_356.pdf,0
2026-08-13 11:41:00,USER_017,doc_302.pdf,0
2026-08-13 17:02:00,USER_017,doc_694.pdf,0
2026-08-13 15:00:00,USER_017,doc_438.pdf,0
2026-08-13 13:53:00,USER_017,doc_231.pdf,0
2026-08-13 16:34:00,USER_017,doc_771.pdf,0
2026-08-13 15:15:00,USER_018,doc_561.pdf,0
2026-08-13 13:55:00,USER_018,doc_731.pdf,0
2026-08-13 16:44:00,USER_018,doc_413.pdf,0
2026-08-13 17:02:00,USER_018,doc_698.pdf,0
2026-08-13 12:25:00,USER_018,doc_679.pdf,0
2026-08-13 15:57:00,USER_018,doc_473.pdf,0
2026-08-13 13:48:00,USER_018,doc_538.pdf,0
2026-08-13 12:33:00,USER_018,doc_104.pdf,0
2026-08-13 13:47:00,USER_018,doc_352.pdf,0
2026-08-13 13:00:00,USER_018,doc_829.pdf,0
2026-08-13 17:25:00,USER_018,doc_756.pdf,0
2026-08-13 14:50:00,USER_018,doc_383.pdf,0
2026-08-13 14:11:00,USER_018,doc_237.pdf,0
2026-08-13 16:54:00,USER_018,doc_850.pdf,0
2026-08-13 13:56:00,USER_018,doc_998.pdf,0
2026-08-13 11:10:00,USER_019,doc_761.pdf,0
2026-08-13 14:51:00,USER_019,doc_183.pdf,0
2026-08-13 12:04:00,USER_019,doc_979.pdf,0
2026-08-13 10:52:00,USER_019,doc_651.pdf,0
2026-08-13 11:21:00,USER_019,doc_369.pdf,0
2026-08-13 15:56:00,USER_019,doc_741.pdf,0
2026-08-13 10:20:00,USER_019,doc_844.pdf,0
2026-08-13 10:19:00,USER_019,doc_119.pdf,0
2026-08-13 10:53:00,USER_020,doc_664.pdf,0
2026-08-13 12:48:00,USER_020,doc_656.pdf,0
2026-08-13 15:11:00,USER_020,doc_583.pdf,0
2026-08-13 16:09:00,USER_020,doc_893.pdf,0
2026-08-13 11:51:00,USER_020,doc_474.pdf,0
2026-08-13 13:55:00,USER_020,doc_328.pdf,0
2026-08-13 15:36:00,USER_020,doc_850.pdf,0
2026-08-13 13:03:00,USER_020,doc_237.pdf,0
2026-08-13 14:32:00,USER_020,doc_613.pdf,0
2026-08-13 14:56:00,USER_020,doc_192.pdf,0
2026-08-13 13:58:00,USER_020,doc_472.pdf,0
2026-08-14 14:08:00,USER_001,doc_263.pdf,0
2026-08-14 11:51:00,USER_001,doc_679.pdf,0
2026-08-14 15:09:00,USER_001,doc_775.pdf,0
2026-08-14 11:34:00,USER_001,doc_853.pdf,0
2026-08-14 16:34:00,USER_001,doc_595.pdf,0
2026-08-14 13:23:00,USER_001,doc_141.pdf,0
2026-08-14 12:12:00,USER_001,doc_879.pdf,0
2026-08-14 14:29:00,USER_001,doc_337.pdf,0
2026-08-14 10:52:00,USER_001,doc_370.pdf,0
2026-08-14 14:01:00,USER_002,doc_580.pdf,0
2026-08-14 14:35:00,USER_002,doc_147.pdf,0
2026-08-14 11:03:00,USER_002,doc_764.pdf,0
2026-08-14 13:28:00,USER_002,doc_205.pdf,0
2026-08-14 16:43:00,USER_002,doc_633.pdf,0
2026-08-14 16:07:00,USER_002,doc_949.pdf,0
2026-08-14 13:03:00,USER_002,doc_954.pdf,0
2026-08-14 17:02:00,USER_002,doc_369.pdf,0
2026-08-14 15:39:00,USER_002,doc_657.pdf,0
2026-08-14 15:34:00,USER_002,doc_278.pdf,0
2026-08-14 13:55:00,USER_002,doc_769.pdf,0
2026-08-14 13:56:00,USER_002,doc_474.pdf,0
2026-08-14 15:43:00,USER_002,doc_769.pdf,0
2026-08-14 11:22:00,USER_002,doc_629.pdf,0
2026-08-14 12:51:00,USER_002,doc_485.pdf,0
2026-08-14 12:37:00,USER_002,doc_628.pdf,0
2026-08-14 14:22:00,USER_003,doc_242.pdf,0
2026-08-14 13:51:00,USER_003,doc_269.pdf,0
2026-08-14 12:03:00,USER_003,doc_178.pdf,0
2026-08-14 14:29:00,USER_003,doc_758.pdf,0
2026-08-14 12:29:00,USER_003,doc_316.pdf,0
2026-08-14 15:33:00,USER_004,doc_335.pdf,0
2026-08-14 13:27:00,USER_004,doc_930.pdf,0
2026-08-14 12:44:00,USER_004,doc_837.pdf,0
2026-08-14 10:53:00,USER_004,doc_593.pdf,0
2026-08-14 15:40:00,USER_004,doc_590.pdf,0
2026-08-14 14:00:00,USER_004,doc_315.pdf,0
2026-08-14 14:57:00,USER_004,doc_265.pdf,0
2026-08-14 15:26:00,USER_004,doc_953.pdf,0
2026-08-14 23:27:00,USER_004,classified_intel_0.dat,1
2026-08-14 23:27:00,USER_004,classified_intel_1.dat,1
2026-08-14 23:27:00,USER_004,classified_intel_2.dat,1
2026-08-14 23:28:00,USER_004,classified_intel_3.dat,1
2026-08-14 23:28:00,USER_004,classified_intel_4.dat,1
2026-08-14 23:28:00,USER_004,classified_intel_5.dat,1
2026-08-14 23:29:00,USER_004,classified_intel_6.dat,1
2026-08-14 23:29:00,USER_004,classified_intel_7.dat,1
2026-08-14 23:29:00,USER_004,classified_intel_8.dat,1
2026-08-14 23:30:00,USER_004,classified_intel_9.dat,1
2026-08-14 23:30:00,USER_004,classified_intel_10.dat,1
2026-08-14 23:30:00,USER_004,classified_intel_11.dat,1
2026-08-14 23:31:00,USER_004,classified_intel_12.dat,1
2026-08-14 23:31:00,USER_004,classified_intel_13.dat,1
2026-08-14 23:31:00,USER_004,classified_intel_14.dat,1
2026-08-14 23:32:00,USER_004,classified_intel_15.dat,1
2026-08-14 23:32:00,USER_004,classified_intel_16.dat,1
2026-08-14 23:32:00,USER_004,classified_intel_17.dat,1
2026-08-14 23:33:00,USER_004,classified_intel_18.dat,1
2026-08-14 23:33:00,USER_004,classified_intel_19.dat,1
2026-08-14 23:33:00,USER_004,classified_intel_20.dat,1
2026-08-14 23:34:00,USER_004,classified_intel_21.dat,1
2026-08-14 23:34:00,USER_004,classified_intel_22.dat,1
2026-08-14 23:34:00,USER_004,classified_intel_23.dat,1
2026-08-14 23:35:00,USER_004,classified_intel_24.dat,1
2026-08-14 23:35:00,USER_004,classified_intel_25.dat,1
2026-08-14 23:35:00,USER_004,classified_intel_26.dat,1
2026-08-14 23:36:00,USER_004,classified_intel_27.dat,1
2026-08-14 23:36:00,USER_004,classified_intel_28.dat,1
2026-08-14 23:36:00,USER_004,classified_intel_29.dat,1
2026-08-14 23:37:00,USER_004,classified_intel_30.dat,1
2026-08-14 23:37:00,USER_004,classified_intel_31.dat,1
2026-08-14 23:37:00,USER_004,classified_intel_32.dat,1
2026-08-14 23:38:00,USER_004,classified_intel_33.dat,1
2026-08-14 23:38:00,USER_004,classified_intel_34.dat,1
2026-08-14 23:38:00,USER_004,classified_intel_35.dat,1
2026-08-14 23:39:00,USER_004,classified_intel_36.dat,1
2026-08-14 23:39:00,USER_004,classified_intel_37.dat,1
2026-08-14 23:39:00,USER_004,classified_intel_38.dat,1
2026-08-14 23:40:00,USER_004,classified_intel_39.dat,1
2026-08-14 23:40:00,USER_004,classified_intel_40.dat,1
2026-08-14 23:40:00,USER_004,classified_intel_41.dat,1
2026-08-14 23:41:00,USER_004,classified_intel_42.dat,1
2026-08-14 23:41:00,USER_004,classified_intel_43.dat,1
2026-08-14 23:41:00,USER_004,classified_intel_44.dat,1
2026-08-14 23:42:00,USER_004,classified_intel_45.dat,1
2026-08-14 23:42:00,USER_004,classified_intel_46.dat,1
2026-08-14 23:42:00,USER_004,classified_intel_47.dat,1
2026-08-14 23:43:00,USER_004,classified_intel_48.dat,1
2026-08-14 23:43:00,USER_004,classified_intel_49.dat,1
2026-08-14 23:43:00,USER_004,classified_intel_50.dat,1
2026-08-14 23:44:00,USER_004,classified_intel_51.dat,1
2026-08-14 23:44:00,USER_004,classified_intel_52.dat,1
2026-08-14 23:44:00,USER_004,classified_intel_53.dat,1
2026-08-14 23:45:00,USER_004,classified_intel_54.dat,1
2026-08-14 23:45:00,USER_004,classified_intel_55.dat,1
2026-08-14 23:45:00,USER_004,classified_intel_56.dat,1
2026-08-14 23:46:00,USER_004,classified_intel_57.dat,1
2026-08-14 23:46:00,USER_004,classified_intel_58.dat,1
2026-08-14 23:46:00,USER_004,classified_intel_59.dat,1
2026-08-14 15:13:00,USER_005,doc_250.pdf,0
2026-08-14 10:48:00,USER_005,doc_270.pdf,0
2026-08-14 12:32:00,USER_005,doc_284.pdf,0
2026-08-14 14:44:00,USER_005,doc_515.pdf,0
2026-08-14 15:26:00,USER_005,doc_677.pdf,0
2026-08-14 15:46:00,USER_005,doc_119.pdf,0
2026-08-14 15:05:00,USER_005,project_archive_13_0.pdf,0
2026-08-14 15:06:00,USER_005,project_archive_13_1.pdf,0
2026-08-14 15:07:00,USER_005,project_archive_13_2.pdf,0
2026-08-14 15:08:00,USER_005,project_archive_13_3.pdf,0
2026-08-14 15:09:00,USER_005,project_archive_13_4.pdf,0
2026-08-14 15:10:00,USER_005,project_archive_13_5.pdf,0
2026-08-14 15:11:00,USER_005,project_archive_13_6.pdf,0
2026-08-14 15:12:00,USER_005,project_archive_13_7.pdf,0
2026-08-14 15:13:00,USER_005,project_archive_13_8.pdf,0
2026-08-14 15:14:00,USER_005,project_archive_13_9.pdf,0
2026-08-14 15:15:00,USER_005,project_archive_13_10.pdf,0
2026-08-14 15:16:00,USER_005,project_archive_13_11.pdf,0
2026-08-14 15:17:00,USER_005,project_archive_13_12.pdf,0
2026-08-14 15:18:00,USER_005,project_archive_13_13.pdf,0
2026-08-14 15:19:00,USER_005,project_archive_13_14.pdf,0
2026-08-14 15:20:00,USER_005,project_archive_13_15.pdf,0
2026-08-14 15:21:00,USER_005,project_archive_13_16.pdf,0
2026-08-14 15:22:00,USER_005,project_archive_13_17.pdf,0
2026-08-14 12:44:00,USER_006,doc_274.pdf,0
2026-08-14 10:30:00,USER_006,doc_950.pdf,0
2026-08-14 12:08:00,USER_006,doc_715.pdf,0
2026-08-14 09:51:00,USER_006,doc_913.pdf,0
2026-08-14 13:36:00,USER_006,doc_940.pdf,0
2026-08-14 10:11:00,USER_006,doc_738.pdf,0
2026-08-14 14:15:00,USER_006,doc_623.pdf,0
2026-08-14 10:53:00,USER_006,doc_271.pdf,0
2026-08-14 14:48:00,USER_006,doc_802.pdf,0
2026-08-14 11:33:00,USER_006,doc_564.pdf,0
2026-08-14 13:43:00,USER_006,doc_704.pdf,0
2026-08-14 09:13:00,USER_006,doc_335.pdf,0
2026-08-14 11:51:00,USER_006,doc_494.pdf,0
2026-08-14 09:45:00,USER_006,doc_211.pdf,0
2026-08-14 08:46:00,USER_006,doc_307.pdf,0
2026-08-14 13:05:00,USER_006,doc_980.pdf,0
2026-08-14 12:56:00,USER_006,doc_800.pdf,0
2026-08-14 12:12:00,USER_006,doc_946.pdf,0
2026-08-14 09:54:00,USER_006,doc_720.pdf,0
2026-08-14 09:27:00,USER_006,doc_281.pdf,0
2026-08-14 15:04:00,USER_007,doc_775.pdf,0
2026-08-14 12:04:00,USER_007,doc_717.pdf,0
2026-08-14 15:34:00,USER_007,doc_947.pdf,0
2026-08-14 10:58:00,USER_007,doc_893.pdf,0
2026-08-14 16:45:00,USER_007,doc_764.pdf,0
2026-08-14 14:38:00,USER_007,doc_634.pdf,0
2026-08-14 14:33:00,USER_007,doc_479.pdf,0
2026-08-14 11:59:00,USER_008,doc_703.pdf,0
2026-08-14 15:19:00,USER_008,doc_879.pdf,0
2026-08-14 14:56:00,USER_008,doc_689.pdf,0
2026-08-14 09:50:00,USER_008,doc_535.pdf,0
2026-08-14 10:08:00,USER_008,doc_360.pdf,0
2026-08-14 13:04:00,USER_008,doc_884.pdf,0
2026-08-14 10:59:00,USER_008,doc_979.pdf,0
2026-08-14 09:42:00,USER_008,doc_390.pdf,0
2026-08-14 14:06:00,USER_008,doc_997.pdf,0
2026-08-14 13:38:00,USER_008,doc_518.pdf,0
2026-08-14 11:11:00,USER_008,doc_293.pdf,0
2026-08-14 09:02:00,USER_008,doc_826.pdf,0
2026-08-14 15:20:00,USER_008,doc_908.pdf,0
2026-08-14 09:03:00,USER_008,doc_691.pdf,0
2026-08-14 13:27:00,USER_008,doc_220.pdf,0
2026-08-14 13:26:00,USER_008,doc_107.pdf,0
2026-08-14 12:12:00,USER_008,doc_770.pdf,0
2026-08-14 14:49:00,USER_009,doc_699.pdf,0
2026-08-14 11:25:00,USER_009,doc_367.pdf,0
2026-08-14 13:50:00,USER_009,doc_533.pdf,0
2026-08-14 14:05:00,USER_009,doc_474.pdf,0
2026-08-14 14:29:00,USER_009,doc_382.pdf,0
2026-08-14 15:04:00,USER_009,doc_506.pdf,0
2026-08-14 15:42:00,USER_009,doc_308.pdf,0
2026-08-14 12:47:00,USER_009,doc_665.pdf,0
2026-08-14 14:01:00,USER_009,doc_594.pdf,0
2026-08-14 10:47:00,USER_009,doc_479.pdf,0
2026-08-14 14:02:00,USER_009,doc_668.pdf,0
2026-08-14 13:23:00,USER_009,doc_359.pdf,0
2026-08-14 11:53:00,USER_009,doc_691.pdf,0
2026-08-14 12:12:00,USER_009,doc_892.pdf,0
2026-08-14 15:17:00,USER_009,doc_507.pdf,0
2026-08-14 15:32:00,USER_009,doc_241.pdf,0
2026-08-14 14:53:00,USER_009,doc_221.pdf,0
2026-08-14 15:38:00,USER_009,doc_335.pdf,0
2026-08-14 13:23:00,USER_010,doc_728.pdf,0
2026-08-14 14:38:00,USER_010,doc_800.pdf,0
2026-08-14 14:43:00,USER_010,doc_153.pdf,0
2026-08-14 10:04:00,USER_010,doc_498.pdf,0
2026-08-14 14:07:00,USER_010,doc_105.pdf,0
2026-08-14 09:28:00,USER_010,doc_943.pdf,0
2026-08-14 09:56:00,USER_010,doc_582.pdf,0
2026-08-14 13:49:00,USER_010,doc_545.pdf,0
2026-08-14 09:27:00,USER_010,doc_165.pdf,0
2026-08-14 10:56:00,USER_010,doc_327.pdf,0
2026-08-14 11:51:00,USER_010,doc_181.pdf,0
2026-08-14 13:53:00,USER_010,doc_138.pdf,0
2026-08-14 14:52:00,USER_010,doc_493.pdf,0
2026-08-14 12:07:00,USER_010,doc_728.pdf,0
2026-08-14 14:17:00,USER_010,doc_633.pdf,0
2026-08-14 10:24:00,USER_011,doc_970.pdf,0
2026-08-14 14:17:00,USER_011,doc_923.pdf,0
2026-08-14 13:06:00,USER_011,doc_392.pdf,0
2026-08-14 10:20:00,USER_011,doc_134.pdf,0
2026-08-14 13:47:00,USER_011,doc_622.pdf,0
2026-08-14 12:55:00,USER_012,doc_770.pdf,0
2026-08-14 10:53:00,USER_012,doc_261.pdf,0
2026-08-14 11:37:00,USER_012,doc_382.pdf,0
2026-08-14 14:17:00,USER_012,doc_461.pdf,0
2026-08-14 16:35:00,USER_012,doc_504.pdf,0
2026-08-14 14:20:00,USER_012,doc_700.pdf,0
2026-08-14 12:35:00,USER_012,doc_630.pdf,0
2026-08-14 11:00:00,USER_012,doc_854.pdf,0
2026-08-14 16:53:00,USER_012,doc_170.pdf,0
2026-08-14 11:39:00,USER_012,doc_662.pdf,0
2026-08-14 13:18:00,USER_012,doc_843.pdf,0
2026-08-14 15:39:00,USER_012,doc_696.pdf,0
2026-08-14 13:51:00,USER_012,doc_455.pdf,0
2026-08-14 13:14:00,USER_012,doc_331.pdf,0
2026-08-14 16:03:00,USER_012,doc_299.pdf,0
2026-08-14 14:45:00,USER_012,doc_513.pdf,0
2026-08-14 12:59:00,USER_013,doc_401.pdf,0
2026-08-14 11:36:00,USER_013,doc_219.pdf,0
2026-08-14 13:04:00,USER_013,doc_363.pdf,0
2026-08-14 13:17:00,USER_013,doc_932.pdf,0
2026-08-14 13:36:00,USER_013,doc_356.pdf,0
2026-08-14 14:37:00,USER_013,doc_553.pdf,0
2026-08-14 11:55:00,USER_013,doc_676.pdf,0
2026-08-14 13:59:00,USER_014,doc_219.pdf,0
2026-08-14 12:05:00,USER_014,doc_169.pdf,0
2026-08-14 13:08:00,USER_014,doc_748.pdf,0
2026-08-14 11:45:00,USER_014,doc_793.pdf,0
2026-08-14 15:52:00,USER_014,doc_335.pdf,0
2026-08-14 11:51:00,USER_015,doc_394.pdf,0
2026-08-14 10:31:00,USER_015,doc_508.pdf,0
2026-08-14 15:28:00,USER_015,doc_866.pdf,0
2026-08-14 12:39:00,USER_015,doc_177.pdf,0
2026-08-14 14:27:00,USER_015,doc_282.pdf,0
2026-08-14 13:47:00,USER_015,doc_421.pdf,0
2026-08-14 12:45:00,USER_015,doc_323.pdf,0
2026-08-14 14:37:00,USER_015,doc_375.pdf,0
2026-08-14 11:17:00,USER_015,doc_864.pdf,0
2026-08-14 15:33:00,USER_015,doc_294.pdf,0
2026-08-14 13:59:00,USER_015,doc_854.pdf,0
2026-08-14 11:26:00,USER_015,doc_340.pdf,0
2026-08-14 16:00:00,USER_015,doc_347.pdf,0
2026-08-14 10:22:00,USER_016,doc_897.pdf,0
2026-08-14 09:57:00,USER_016,doc_222.pdf,0
2026-08-14 09:43:00,USER_016,doc_792.pdf,0
2026-08-14 14:42:00,USER_016,doc_604.pdf,0
2026-08-14 14:17:00,USER_016,doc_106.pdf,0
2026-08-14 13:40:00,USER_016,doc_143.pdf,0
2026-08-14 13:09:00,USER_016,doc_480.pdf,0
2026-08-14 14:20:00,USER_016,doc_422.pdf,0
2026-08-14 13:15:00,USER_016,doc_688.pdf,0
2026-08-14 11:23:00,USER_016,doc_602.pdf,0
2026-08-14 10:36:00,USER_016,doc_882.pdf,0
2026-08-14 13:24:00,USER_016,doc_386.pdf,0
2026-08-14 12:26:00,USER_016,doc_327.pdf,0
2026-08-14 15:27:00,USER_016,doc_690.pdf,0
2026-08-14 10:08:00,USER_016,doc_155.pdf,0
2026-08-14 13:32:00,USER_016,doc_918.pdf,0
2026-08-14 14:29:00,USER_017,doc_223.pdf,0
2026-08-14 16:32:00,USER_017,doc_630.pdf,0
2026-08-14 14:30:00,USER_017,doc_423.pdf,0
2026-08-14 16:27:00,USER_017,doc_108.pdf,0
2026-08-14 10:41:00,USER_017,doc_790.pdf,0
2026-08-14 12:22:00,USER_017,doc_488.pdf,0
2026-08-14 15:32:00,USER_017,doc_203.pdf,0
2026-08-14 13:21:00,USER_017,doc_470.pdf,0
2026-08-14 15:48:00,USER_017,doc_982.pdf,0
2026-08-14 12:47:00,USER_017,doc_291.pdf,0
2026-08-14 11:23:00,USER_018,doc_610.pdf,0
2026-08-14 13:26:00,USER_018,doc_315.pdf,0
2026-08-14 13:23:00,USER_018,doc_817.pdf,0
2026-08-14 16:14:00,USER_018,doc_481.pdf,0
2026-08-14 12:55:00,USER_018,doc_974.pdf,0
2026-08-14 13:14:00,USER_018,doc_386.pdf,0
2026-08-14 13:39:00,USER_018,doc_284.pdf,0
2026-08-14 14:41:00,USER_018,doc_234.pdf,0
2026-08-14 14:43:00,USER_018,doc_802.pdf,0
2026-08-14 11:46:00,USER_018,doc_933.pdf,0
2026-08-14 10:40:00,USER_018,doc_838.pdf,0
2026-08-14 12:07:00,USER_018,doc_923.pdf,0
2026-08-14 11:49:00,USER_018,doc_668.pdf,0
2026-08-14 13:30:00,USER_018,doc_976.pdf,0
2026-08-14 13:04:00,USER_018,doc_300.pdf,0
2026-08-14 11:03:00,USER_018,doc_919.pdf,0
2026-08-14 10:29:00,USER_019,doc_969.pdf,0
2026-08-14 14:43:00,USER_019,doc_629.pdf,0
2026-08-14 13:54:00,USER_019,doc_837.pdf,0
2026-08-14 12:02:00,USER_019,doc_904.pdf,0
2026-08-14 13:30:00,USER_019,doc_407.pdf,0
2026-08-14 11:29:00,USER_019,doc_675.pdf,0
2026-08-14 14:11:00,USER_019,doc_148.pdf,0
2026-08-14 12:44:00,USER_019,doc_201.pdf,0
2026-08-14 15:14:00,USER_019,doc_267.pdf,0
2026-08-14 09:51:00,USER_019,doc_320.pdf,0
2026-08-14 11:31:00,USER_019,doc_587.pdf,0
2026-08-14 14:43:00,USER_019,doc_198.pdf,0
2026-08-14 13:11:00,USER_019,doc_862.pdf,0
2026-08-14 12:12:00,USER_019,doc_366.pdf,0
2026-08-14 12:25:00,USER_019,doc_468.pdf,0
2026-08-14 14:07:00,USER_019,doc_670.pdf,0
2026-08-14 11:32:00,USER_019,doc_452.pdf,0
2026-08-14 09:31:00,USER_019,doc_521.pdf,0
2026-08-14 10:23:00,USER_019,doc_459.pdf,0
2026-08-14 15:08:00,USER_019,doc_720.pdf,0
2026-08-14 15:47:00,USER_020,doc_557.pdf,0
2026-08-14 10:10:00,USER_020,doc_490.pdf,0
2026-08-14 14:44:00,USER_020,doc_393.pdf,0
2026-08-14 13:27:00,USER_020,doc_746.pdf,0
2026-08-14 10:44:00,USER_020,doc_989.pdf,0
2026-08-14 10:55:00,USER_020,doc_755.pdf,0
2026-08-14 12:22:00,USER_020,doc_531.pdf,0
2026-08-14 14:53:00,USER_020,doc_727.pdf,0
2026-08-14 14:22:00,USER_020,doc_514.pdf,0
2026-08-14 10:06:00,USER_020,doc_181.pdf,0
2026-08-14 10:52:00,USER_020,doc_451.pdf,0
2026-08-14 11:26:00,USER_020,doc_421.pdf,0
2026-08-14 12:12:00,USER_020,doc_768.pdf,0
2026-08-14 11:59:00,USER_020,doc_827.pdf,0
2026-08-14 11:46:00,USER_020,doc_719.pdf,0
2026-08-14 15:00:00,USER_020,doc_504.pdf,0
2026-08-14 11:48:00,USER_020,doc_555.pdf,0
2026-08-14 12:35:00,USER_020,doc_865.pdf,0
2026-08-14 14:30:00,USER_020,doc_633.pdf,0
2026-08-14 13:20:00,USER_020,doc_523.pdf,0
